Número da contratação;Código Classe/Grupo;Valor Total;Status da contratação;Situação da Execução;Título da contratação;Categoria da contratação;UASG Atual;Data estimada para o início do processo de contratação;Data estimada para a conclusão do processo de contratação;Prazo estimado de duração do processo de contratação (dias);Área requisitante;Nº DFD;Prioridade;Nº do Item no DFD;Data da conclusão da Contratação no DFD;Classificação da Contratação;Nome Classe/Grupo;Código PDM material;Nome do PDM material;Código material/serviço;Descrição material/serviço;Unidade Fornecimento;Valor Unitário;Quantidade;IdxValor;ID;ID Futura Contratação;Valor PCA
31/2026;6515;1000000;Reprovada;;Edital PRPI profa Katia Alvarenga;BENS;102122;45922;46101;179;BAF - FONOAUDIOLOGIA;215/2025;Alto;1;46023;Material;Instrumentos, equipamentos e suprimentos médicos  e  cirúrgicos;30160;Equipamento de ressonância magnética;;;;1000000;1;1;;;
34/2026;6640;16700;Aprovada;;Equipamentos Odontológicos;BENS;102122;46132;46251;119;BAO - ODONTOP. ORTO. S COLETIVA;50/2025;Médio;1;46172;Material;EQUIPAMENTOS E ARTIGOS DE LABORATÓRIO;;;;;;16700;1;1;394;102122-34/2026;16700
34/2026;6520;3492;Aprovada;;Equipamentos Odontológicos;BENS;102122;46132;46251;119;BAD - DENT. ENDO. MAT ODONT.;153/2025;Alto;1;46114;Material;INSTRUMENTOS, EQUIPAMENTOS E SUPRIMENTOS DENTÁRIOS;;;;;;3492;1;1;392;102122-34/2026;3492
34/2026;6525;1400;Aprovada;;Equipamentos Odontológicos;BENS;102122;46132;46251;119;BAD - DENT. ENDO. MAT ODONT.;153/2025;Alto;2;46114;Material;EQUIPAMENTOS E SUPRIMENTOS DE RAIOS-X DE USO  MÉDICO,  DENTÁRIO E VETERINÁRIO;;;;;;1400;1;1;393;102122-34/2026;1400
34/2026;6520;18000;Aprovada;;Equipamentos Odontológicos;BENS;102122;46132;46251;119;UBAS;323/2025;Baixo;1;46129;Material;Instrumentos, equipamentos e suprimentos dentários;;;;;;18000;1;1;395;102122-34/2026;18000
33/2026;6515;90000;Aprovada;;ARP Clinica de Fono;BENS;102122;46055;46175;120;CLINICA DE FONOAUDIOLOGIA;89/2025;Médio;1;46073;Material;Instrumentos, equipamentos e suprimentos médicos  e  cirúrgicos;17976;Medidor Uso Médico;382994;características adicionais: fx teste 40 a 90dbnps com fx freq. 100 a 1000hz, frequência de resposta: tom contínuo 200 a 8000, tipo: ganho de inserção, mensuração in situ, tipo medição: análise ap. auditivo,reur,rear,reor,reir,recd,cgr;UN;18;5000;1;107;102122-33/2026;90000
33/2026;6515;40000;Aprovada;;ARP Clinica de Fono;BENS;102122;46055;46175;120;CLINICA DE FONOAUDIOLOGIA;89/2025;Médio;2;46073;Material;Instrumentos, equipamentos e suprimentos médicos  e  cirúrgicos;19697;Tubo Hospitalar;473660;comprimento: 10 cm, diâmetro interno: 0,03 mm, material: silicone transparente, uso: molde p/ aparelho retro auricular;UN;8;5000;1;108;102122-33/2026;40000
33/2026;6515;58731;Aprovada;;ARP Clinica de Fono;BENS;102122;46055;46175;120;CLINICA DE FONOAUDIOLOGIA;92/2025;Alto;1;46173;Material;Instrumentos, equipamentos e suprimentos médicos  e  cirúrgicos;;;;;;58731;1;1;109;102122-33/2026;58731
33/2026;6640;16462;Aprovada;;ARP Clinica de Fono;BENS;102122;46055;46175;120;CLINICA DE FONOAUDIOLOGIA;95/2025;Alto;1;46081;Material;EQUIPAMENTOS E ARTIGOS DE LABORATÓRIO;2319;ELETRODO LABORATÓRIO;;;;16462;1;1;105;102122-33/2026;16462
33/2026;6640;9850;Aprovada;;ARP Clinica de Fono;BENS;102122;46055;46175;120;CLINICA DE FONOAUDIOLOGIA;95/2025;Alto;2;46081;Material;EQUIPAMENTOS E ARTIGOS DE LABORATÓRIO;3758;PEÇA EQUIPAMENTO DIAGNÓSTICO CLÍNICO;;;;9850;1;1;104;102122-33/2026;9850
33/2026;6530;3971;Aprovada;;ARP Clinica de Fono;BENS;102122;46055;46175;120;CLINICA DE FONOAUDIOLOGIA;95/2025;Alto;3;46081;Material;MOBILIÁRIO, EQUIPAMENTOS, UTENSÍLIOS E  SUPRIMENTOS  HOSPITALARES;6807;EQUIPAMENTO PARA TESTE EMISSÃO OTOACÚSTICA;421487;ACESSÓRIOS: SOFTWARE COLETA/ANÁLISE DADOS, ADICIONAIS: PASTA ABRASIVA E CONDUTIVA, OLIVAS E ELETRODOS, COMPOSIÇÃO: MINI IMPRESSORA TERMO SENSÍVEL, MÓDULO: BERA, PEATE, DPOAE, TEOAE, OUTROS COMPONENTES: FONE INSERÇÃO, 1 PRÉ-AMPLIFICADOR, TENSÃO ALIMENTAÇÃO: 110/220, TIPO: PORTÁTIL, MODULO TRIAGEM;UN;209;19;1;103;102122-33/2026;3971
33/2026;6532;250;Aprovada;;ARP Clinica de Fono;BENS;102122;46055;46175;120;CLINICA DE FONOAUDIOLOGIA;95/2025;Alto;4;46081;Material;Vestuário hospitalar e cirúrgico e itens correlatos de  finalidades especiais;8774;Lençol descartável uso hospitalar;;;;250;1;1;106;102122-33/2026;250
33/2026;6515;43425;Aprovada;;ARP Clinica de Fono;BENS;102122;46055;46175;120;CLINICA DE FONOAUDIOLOGIA;231/2025;Baixo;1;46094;Material;Instrumentos, equipamentos e suprimentos médicos  e  cirúrgicos;;;;;;43425;1;1;102;102122-33/2026;43425
35/2026;6810;20000;Aprovada;;ARP Consumíveis laboratório;BENS;102122;46237;46356;119;BAE - ESTOMATO. CIRU. RADIO. PATO;25/2025;Médio;1;46083;Material;PRODUTOS QUÍMICOS;;;;;;20000;1;1;88;102122-35/2026;20000
35/2026;6550;5000;Aprovada;;ARP Consumíveis laboratório;BENS;102122;46237;46356;119;BAE - ESTOMATO. CIRU. RADIO. PATO;25/2025;Médio;2;46083;Material;"Substâncias Para Diagnóstico ""In Vitro"",  Reagentes,  Conjuntos E Jogos Para Teste";;;;;;5000;1;1;94;102122-35/2026;5000
35/2026;6505;5100;Aprovada;;ARP Consumíveis laboratório;BENS;102122;46237;46356;119;MICROBIOLOGIA-IMUNOLOGIA;53/2025;Alto;1;46034;Material;DROGAS E MEDICAMENTOS;;;;;;5100;1;1;92;102122-35/2026;5100
35/2026;6810;10500;Aprovada;;ARP Consumíveis laboratório;BENS;102122;46237;46356;119;MICROBIOLOGIA-IMUNOLOGIA;58/2025;Alto;1;46034;Material;PRODUTOS QUÍMICOS;19042;MEIO DE CULTURA.;;;;10500;1;1;89;102122-35/2026;10500
35/2026;6640;1400;Aprovada;;ARP Consumíveis laboratório;BENS;102122;46237;46356;119;MICROBIOLOGIA-IMUNOLOGIA;210/2025;Médio;1;46069;Material;Equipamentos e artigos de laboratório;;;;;;1400;1;1;79;102122-35/2026;1400
35/2026;6640;32000;Aprovada;;ARP Consumíveis laboratório;BENS;102122;46237;46356;119;MICROBIOLOGIA-IMUNOLOGIA;213/2025;Médio;1;46076;Material;Equipamentos E Artigos De Laboratório;9749;Placa De Petri;;;;32000;1;1;80;102122-35/2026;32000
35/2026;6640;50000;Aprovada;;ARP Consumíveis laboratório;BENS;102122;46237;46356;119;CIP;236/2025;Médio;2;46083;Material;EQUIPAMENTOS E ARTIGOS DE LABORATÓRIO;;;;;;50000;1;1;78;102122-35/2026;50000
35/2026;6640;875;Aprovada;;ARP Consumíveis laboratório;BENS;102122;46237;46356;119;BAB - CIENCIAS BIOLÓGICAS;266/2025;Alto;1;46027;Material;Equipamentos e artigos de laboratório;13426;Lâmina Laboratório;409745;dimensões: cerca de 75 x 50, material: vidro, tipo borda: borda fosca;UN;0,35;2500;1;86;102122-35/2026;875
35/2026;6640;250;Aprovada;;ARP Consumíveis laboratório;BENS;102122;46237;46356;119;BAB - CIENCIAS BIOLÓGICAS;266/2025;Alto;2;46027;Material;Equipamentos e artigos de laboratório;8637;Lamínula;409646;dimensões: cerca de 25 x 50, material: vidro;UN;0,1;2500;1;81;102122-35/2026;250
35/2026;6810;720;Aprovada;;ARP Consumíveis laboratório;BENS;102122;46237;46356;119;BAB - CIENCIAS BIOLÓGICAS;266/2025;Alto;3;46027;Material;Produtos químicos;18189;Álcool Etílico;346633;aspecto físico: líquido límpido, incolor, volátil, característica adicional: anidro, absoluto, fórmula química: c2h5oh, grau de pureza: mínimo de 99,7% p/p inpm, número de referência química: cas 64-17-5, peso molecular: 46,07, teor alcoólico: mínimo de 99,5°gl;L;15;48;1;70;102122-35/2026;720
35/2026;6810;1080;Aprovada;;ARP Consumíveis laboratório;BENS;102122;46237;46356;119;BAB - CIENCIAS BIOLÓGICAS;266/2025;Alto;4;46027;Material;Produtos químicos;13489;Xileno;364124;aspecto físico: líquido límpido, incolor, inflamável, característica adicional: reagente p.a., fórmula química: c6h4(ch3)2  (p-xileno), grau de pureza: pureza mínima de 99%, número de referência química: cas 106-42-3, peso molecular: 106,17;L;45;24;1;69;102122-35/2026;1080
35/2026;6810;320;Aprovada;;ARP Consumíveis laboratório;BENS;102122;46237;46356;119;BAB - CIENCIAS BIOLÓGICAS;266/2025;Alto;5;46027;Material;Produtos químicos;7739;Formaldeído (Formol);362990;aspecto físico: líquido incolor, límpido, fórmula química: h2co, grau de pureza: concentração entre 37 e 40%, número de referência química: cas 50-00-0, peso molecular: 30,03;L;160;2;1;72;102122-35/2026;320
35/2026;6810;1600;Aprovada;;ARP Consumíveis laboratório;BENS;102122;46237;46356;119;BAB - CIENCIAS BIOLÓGICAS;266/2025;Alto;6;46027;Material;PRODUTOS QUÍMICOS;796;PARAFINA;464232;APRESENTAÇÃO: EM PASTILHA, ASPECTO FÍSICO: HISTOLÓGICA, SÓLIDA, BRANCA, PONTO FUSÃO: 58 A 62;KG;160;10;1;74;102122-35/2026;1600
35/2026;6640;1650;Aprovada;;ARP Consumíveis laboratório;BENS;102122;46237;46356;119;BAB - CIENCIAS BIOLÓGICAS;266/2025;Alto;7;46027;Material;Equipamentos e artigos de laboratório;13654;Navalha Laboratório;464231;adicional: alto perfil, aplicação: para micrótomo, dimensões: cerca de 80 x 15, material: aço inox, revestimento: revestida com cerâmica e ptfe, tipo uso: descartável;UN;11;150;1;83;102122-35/2026;1650
35/2026;6640;570;Aprovada;;ARP Consumíveis laboratório;BENS;102122;46237;46356;119;MICROBIOLOGIA-IMUNOLOGIA;299/2025;Alto;1;46041;Material;Equipamentos e artigos de laboratório;9759;Microtubo;;;;570;1;1;82;102122-35/2026;570
35/2026;6640;2080;Aprovada;;ARP Consumíveis laboratório;BENS;102122;46237;46356;119;MICROBIOLOGIA-IMUNOLOGIA;299/2025;Alto;2;46041;Material;Equipamentos e artigos de laboratório;13114;Tubo laboratório;;;;2080;1;1;85;102122-35/2026;2080
35/2026;6640;3800;Aprovada;;ARP Consumíveis laboratório;BENS;102122;46237;46356;119;MICROBIOLOGIA-IMUNOLOGIA;299/2025;Alto;3;46041;Material;Equipamentos E Artigos De Laboratório;11016;Ponteira Laboratório;;;;3800;1;1;87;102122-35/2026;3800
35/2026;6515;485;Aprovada;;ARP Consumíveis laboratório;BENS;102122;46237;46356;119;MICROBIOLOGIA-IMUNOLOGIA;299/2025;Alto;4;46041;Material;Instrumentos, Equipamentos E Suprimentos Médicos  E  Cirúrgicos;13831;Swab;;;;485;1;1;95;102122-35/2026;485
35/2026;6810;128;Aprovada;;ARP Consumíveis laboratório;BENS;102122;46237;46356;119;MICROBIOLOGIA-IMUNOLOGIA;299/2025;Alto;5;46041;Material;Produtos Químicos;30322;Insumos Biológicos;;;;128;1;1;71;102122-35/2026;128
35/2026;6550;26000;Aprovada;;ARP Consumíveis laboratório;BENS;102122;46237;46356;119;CIP;301/2025;Médio;1;46083;Material;"SUBSTÂNCIAS PARA DIAGNÓSTICO ""IN VITRO"",  REAGENTES,  CONJUNTOS E JOGOS PARA TESTE";12254;SOLUÇÃO TAMPÃO;409671;TIPO: PH 7,4;FR;500;52;1;76;102122-35/2026;26000
35/2026;6550;100;Aprovada;;ARP Consumíveis laboratório;BENS;102122;46237;46356;119;CIP;301/2025;Médio;2;46083;Material;"Substâncias para diagnóstico ""in vitro"",  reagentes,  conjuntos e jogos para teste";12254;Solução Tampão;234416;aplicação: calibragem de peagâmetro, leitura: ph 4,0;FR;100;1;1;75;102122-35/2026;100
35/2026;6550;100;Aprovada;;ARP Consumíveis laboratório;BENS;102122;46237;46356;119;CIP;301/2025;Médio;3;46083;Material;"Substâncias para diagnóstico ""in vitro"",  reagentes,  conjuntos e jogos para teste";12254;Solução Tampão;234417;aplicação: calibragem de peagâmetro, leitura: ph 7,0;FR;100;1;2;77;102122-35/2026;100
35/2026;6505;4318;Aprovada;;ARP Consumíveis laboratório;BENS;102122;46237;46356;119;MICROBIOLOGIA-IMUNOLOGIA;298/2025;Alto;1;46034;Material;Drogas e medicamentos;2517;Anfotericina b;;;;4318;1;1;93;102122-35/2026;4318
35/2026;6505;573;Aprovada;;ARP Consumíveis laboratório;BENS;102122;46237;46356;119;MICROBIOLOGIA-IMUNOLOGIA;298/2025;Alto;2;46034;Material;Drogas E Medicamentos;7644;Fluconazol;;;;573;1;1;91;102122-35/2026;573
35/2026;6640;330;Aprovada;;ARP Consumíveis laboratório;BENS;102122;46237;46356;119;MICROBIOLOGIA-IMUNOLOGIA;299/2025;Alto;6;46041;Material;Equipamentos e artigos de laboratório;9749;Placa de petri;;;;330;1;1;84;102122-35/2026;330
35/2026;6810;100;Aprovada;;ARP Consumíveis laboratório;BENS;102122;46237;46356;119;CIP;301/2025;Médio;4;46083;Material;Produtos químicos;13893;Corante;327534;aspecto físico: líquido, características adicionais: frascos separados contendo, composição: cristalvioleta,lugol,etanol-acetona,fucsina básica, tipo: conjunto reagente para coloração de gram;FR;100;1;1;73;102122-35/2026;100
35/2026;6850;300;Aprovada;;ARP Consumíveis laboratório;BENS;102122;46237;46356;119;CIP;301/2025;Médio;5;46083;Material;Especialidades químicas diversas;12210;Solução;626188;aplicação: calibração de turbidímetro, características adicionais: em conjunto com, padrões 0,1 ntu, 100 ntu, 800 ntu, referência: lab lac/r077011, tipo: turbidez;EMB;300;1;1;90;102122-35/2026;300
36/2026;6520;1500;Aprovada;;Material Odonto não padronizado;BENS;102122;46034;46142;108;BAO - ODONTOP. ORTO. S COLETIVA;74/2025;Alto;1;46172;Material;INSTRUMENTOS, EQUIPAMENTOS E SUPRIMENTOS DENTÁRIOS;7008;ESPELHO BUCAL;437556;APRESENTAÇÃO: EMBALAGEM INDIVIDUAL, MATERIAL: AÇO INOXIDÁVEL E ESPELHO, TAMANHO: N° 4, TIPO: PLANO, TIPO USO: AUTOCLAVÁVEL, USO: ENCAIXE UNIVERSAL;UN;7,5;200;1;241;102122-36/2026;1500
36/2026;6520;1500;Aprovada;;Material Odonto não padronizado;BENS;102122;46034;46142;108;BAO - ODONTOP. ORTO. S COLETIVA;74/2025;Alto;2;46172;Material;Instrumentos, equipamentos e suprimentos dentários;7007;Cabo Espelho Bucal;413302;formato: redondo, material: alumínio, tipo uso: autoclavável;UN;7,5;200;2;242;102122-36/2026;1500
36/2026;6520;10000;Aprovada;;Material Odonto não padronizado;BENS;102122;46034;46142;108;BAO - ODONTOP. ORTO. S COLETIVA;74/2025;Alto;3;46172;Material;INSTRUMENTOS, EQUIPAMENTOS E SUPRIMENTOS DENTÁRIOS;1296;SONDA ODONTOLÓGICA;419944;CARACTERÍSTICAS ADICIONAIS: MILIMETRADA, MATERIAL: AÇO INOXIDÁVEL, MODELO: WHO (0MS), TIPO: PERIODONTAL;UN;50;200;1;243;102122-36/2026;10000
36/2026;6520;1100;Aprovada;;Material Odonto não padronizado;BENS;102122;46034;46142;108;BAO - ODONTOP. ORTO. S COLETIVA;85/2025;Médio;1;46111;Material;INSTRUMENTOS, EQUIPAMENTOS E SUPRIMENTOS DENTÁRIOS;1398;CAIXA BANDAS ORTODÔNTICOS;;;;1100;1;1;240;102122-36/2026;1100
36/2026;6520;2400;Aprovada;;Material Odonto não padronizado;BENS;102122;46034;46142;108;BAO - ODONTOP. ORTO. S COLETIVA;85/2025;Médio;2;46111;Material;Instrumentos, Equipamentos E Suprimentos Dentários;7538;Fio Ortodôntico;;;;2400;1;1;238;102122-36/2026;2400
36/2026;6520;5500;Aprovada;;Material Odonto não padronizado;BENS;102122;46034;46142;108;BAO - ODONTOP. ORTO. S COLETIVA;85/2025;Médio;3;46111;Material;Instrumentos, Equipamentos E Suprimentos Dentários;1325;Expansor Ortodôntico;;;;5500;1;1;239;102122-36/2026;5500
36/2026;6520;23993;Aprovada;;Material Odonto não padronizado;BENS;102122;46034;46142;108;BAO - ODONTOP. ORTO. S COLETIVA;98/2025;Médio;1;46142;Material;Instrumentos, Equipamentos E Suprimentos Dentários;1321;Bráquete Odontológico;;;;23993;1;1;237;102122-36/2026;23993
36/2026;6520;20448;Aprovada;;Material Odonto não padronizado;BENS;102122;46034;46142;108;BAO - ODONTOP. ORTO. S COLETIVA;98/2025;Médio;2;46142;Material;Instrumentos, equipamentos e suprimentos dentários;1331;Tubo ortodôntico;;;;20448;1;1;234;102122-36/2026;20448
36/2026;6520;672;Aprovada;;Material Odonto não padronizado;BENS;102122;46034;46142;108;BAO - ODONTOP. ORTO. S COLETIVA;98/2025;Médio;3;46142;Material;Instrumentos, Equipamentos E Suprimentos Dentários;7538;Fio Ortodôntico;;;;672;1;1;236;102122-36/2026;672
36/2026;6520;7780;Aprovada;;Material Odonto não padronizado;BENS;102122;46034;46142;108;BAO - ODONTOP. ORTO. S COLETIVA;98/2025;Médio;4;46142;Material;Instrumentos, Equipamentos E Suprimentos Dentários;3287;Banda Ortodôntica;;;;7780;1;1;235;102122-36/2026;7780
36/2026;6520;4600;Aprovada;;Material Odonto não padronizado;BENS;102122;46034;46142;108;BAO - ODONTOP. ORTO. S COLETIVA;98/2025;Médio;5;46142;Material;INSTRUMENTOS, EQUIPAMENTOS E SUPRIMENTOS DENTÁRIOS;1328;ELÁSTICO ORTODÔNTICO;;;;4600;1;1;233;102122-36/2026;4600
36/2026;6810;85;Aprovada;;Material Odonto não padronizado;BENS;102122;46034;46142;108;BAB - CIENCIAS BIOLÓGICAS;196/2025;Alto;9;46055;Material;Produtos químicos;18189;Álcool Etílico;405780;aspecto físico: líquido límpido, incolor, volátil, característica adicional: hidratado, fórmula química: c2h5oh, grau de pureza: mínimo de 70 °inpm (70% p/p), número de referência química: cas 64-17-5, peso molecular: 46,07, teor alcoólico: mínimo de 77 °gl (77% v/v a 20 °c);L;8,5;10;1;245;102122-36/2026;85
36/2026;6520;4750;Aprovada;;Material Odonto não padronizado;BENS;102122;46034;46142;108;TRIAGEM - URGENCIA;246/2025;Alto;1;46097;Material;Instrumentos, equipamentos e suprimentos dentários;2712;Caneta Alta Rotação;437552;material rolamento: rolamento cerâmica, refrigeração: 3 ou mais furos, tipo cabeça: cabeça padrão, tipo conexão: conexão 2 furos, troca de brocas: botão de pressão(pb), velocidade máxima: velocidade máxima menor ou igual 400.000;UN;950;5;1;248;102122-36/2026;4750
36/2026;6520;350;Aprovada;;Material Odonto não padronizado;BENS;102122;46034;46142;108;TRIAGEM - URGENCIA;246/2025;Alto;2;46097;Material;Instrumentos, equipamentos e suprimentos dentários;3905;Broca Alta Rotação;449702;formato: esférica, material: aço inoxidável diamantada, numeração 2: ref. 1018, tipo corte: corte médio, tipo haste: haste longa;UN;7;50;1;249;102122-36/2026;350
36/2026;6520;300;Aprovada;;Material Odonto não padronizado;BENS;102122;46034;46142;108;TRIAGEM - URGENCIA;246/2025;Alto;3;46097;Material;Instrumentos, equipamentos e suprimentos dentários;3905;Broca Alta Rotação;437784;característica adicional: topo arredondado, formato: tronco cônica, material: aço inoxidável diamantada, numeração americana: 4138, tipo corte: corte extra fino, tipo haste: haste regular;UN;15;20;1;250;102122-36/2026;300
36/2026;6520;300;Aprovada;;Material Odonto não padronizado;BENS;102122;46034;46142;108;TRIAGEM - URGENCIA;246/2025;Alto;4;46097;Material;Instrumentos, equipamentos e suprimentos dentários;3905;Broca Alta Rotação;434997;formato: esférica, material: aço inoxidável diamantada, numeração 2: ref. 1018, tipo corte: corte médio, tipo haste: haste regular;UN;6;50;2;251;102122-36/2026;300
36/2026;6520;180;Aprovada;;Material Odonto não padronizado;BENS;102122;46034;46142;108;TRIAGEM - URGENCIA;246/2025;Alto;5;46097;Material;Instrumentos, equipamentos e suprimentos dentários;3905;Broca Alta Rotação;434996;formato: esférica, material: aço inoxidável diamantada, numeração 2: ref. 1017, tipo corte: corte médio, tipo haste: haste regular;UN;6;30;1;252;102122-36/2026;180
36/2026;6520;180;Aprovada;;Material Odonto não padronizado;BENS;102122;46034;46142;108;TRIAGEM - URGENCIA;246/2025;Alto;6;46097;Material;Instrumentos, equipamentos e suprimentos dentários;3905;Broca Alta Rotação;427327;formato: esférica, material: aço inoxidável diamantada, numeração americana: 1016, tipo corte: corte grosso, tipo haste: haste regular;UN;6;30;2;253;102122-36/2026;180
36/2026;6520;210;Aprovada;;Material Odonto não padronizado;BENS;102122;46034;46142;108;TRIAGEM - URGENCIA;246/2025;Alto;7;46097;Material;Instrumentos, equipamentos e suprimentos dentários;3905;Broca Alta Rotação;413072;formato: chama, material: aço inoxidável diamantada, numeração americana: 1111, tipo corte: corte fino, tipo haste: haste regular;UN;7;30;1;254;102122-36/2026;210
36/2026;6520;300;Aprovada;;Material Odonto não padronizado;BENS;102122;46034;46142;108;TRIAGEM - URGENCIA;246/2025;Alto;8;46097;Material;Instrumentos, equipamentos e suprimentos dentários;3905;Broca Alta Rotação;404644;formato: esférica, material: aço inoxidável diamantada, numeração americana: 1013, tipo corte: corte médio, tipo haste: haste longa;UN;6;50;3;255;102122-36/2026;300
36/2026;6520;300;Aprovada;;Material Odonto não padronizado;BENS;102122;46034;46142;108;TRIAGEM - URGENCIA;246/2025;Alto;9;46097;Material;Instrumentos, equipamentos e suprimentos dentários;3905;Broca Alta Rotação;404050;formato: esférica, material: aço inoxidável diamantada, numeração americana: 1019, tipo corte: corte médio, tipo haste: haste longa;UN;6;50;4;256;102122-36/2026;300
36/2026;6520;390;Aprovada;;Material Odonto não padronizado;BENS;102122;46034;46142;108;TRIAGEM - URGENCIA;246/2025;Alto;10;46097;Material;Instrumentos, equipamentos e suprimentos dentários;3905;Broca Alta Rotação;403745;característica adicional: topo arredondado, formato: tronco cônica, material: aço inoxidável diamantada, numeração americana: 4138, tipo corte: corte fino, tipo haste: haste regular;UN;13;30;1;257;102122-36/2026;390
36/2026;6520;180;Aprovada;;Material Odonto não padronizado;BENS;102122;46034;46142;108;TRIAGEM - URGENCIA;246/2025;Alto;11;46097;Material;Instrumentos, equipamentos e suprimentos dentários;3905;Broca Alta Rotação;403389;característica adicional: picotada, formato: tronco cônica, material: carbide, numeração americana 1: ref. 702, tipo corte: cirúrgica, tipo haste: haste longa;UN;18;10;3;258;102122-36/2026;180
36/2026;6520;180;Aprovada;;Material Odonto não padronizado;BENS;102122;46034;46142;108;TRIAGEM - URGENCIA;246/2025;Alto;12;46097;Material;Instrumentos, equipamentos e suprimentos dentários;3905;Broca Alta Rotação;402949;formato: esférica, material: aço inoxidável diamantada, numeração americana: 1016, tipo corte: corte médio, tipo haste: haste regular;UN;6;30;4;259;102122-36/2026;180
36/2026;6520;300;Aprovada;;Material Odonto não padronizado;BENS;102122;46034;46142;108;TRIAGEM - URGENCIA;246/2025;Alto;13;46097;Material;Instrumentos, equipamentos e suprimentos dentários;3905;Broca Alta Rotação;402944;formato: esférica, material: aço inoxidável diamantada, numeração americana: 1011, tipo corte: corte médio, tipo haste: haste regular;UN;6;50;5;260;102122-36/2026;300
36/2026;6525;1000;Aprovada;;Material Odonto não padronizado;BENS;102122;46034;46142;108;TRIAGEM - URGENCIA;246/2025;Alto;14;46097;Material;Equipamentos e suprimentos de raios-x de uso  médico,  dentário e veterinário;18113;Protetor Radiológico;475757;adicional 1: ajustável, impermeável, material: borracha c/ tungstênio, modelo: avental frente longo, ombro e costa longo, proteção tecido: equivalência frente 0,50, ombro e costa 0,25, tamanhos: adulto;UN;1000;1;1;246;102122-36/2026;1000
36/2026;6525;600;Aprovada;;Material Odonto não padronizado;BENS;102122;46034;46142;108;TRIAGEM - URGENCIA;246/2025;Alto;15;46097;Material;Equipamentos e suprimentos de raios-x de uso  médico,  dentário e veterinário;18113;Protetor Radiológico;475746;adicional 1: ajustável, impermeável, material: borracha plumbífera, modelo: avental curto p/ periapical, proteção tecido: equivalência de 0,50, tamanhos: infantil;UN;600;1;1;247;102122-36/2026;600
36/2026;6520;420;Aprovada;;Material Odonto não padronizado;BENS;102122;46034;46142;108;TRIAGEM - URGENCIA;246/2025;Alto;16;46097;Material;Instrumentos, equipamentos e suprimentos dentários;377;Alavanca Odontológica;413383;características adicionais: reta, esterilidade: autoclavável, material: aço inoxidável, referência: nº 304, tipo: apical;UN;70;6;1;261;102122-36/2026;420
36/2026;6810;1000;Aprovada;;Material Odonto não padronizado;BENS;102122;46034;46142;108;TRIAGEM - URGENCIA;246/2025;Alto;17;46097;Material;Produtos químicos;14487;Desinfetante;607280;composição: à base de quaternário de amônio, forma física: solução aquosa, princípio ativo: peróxido de hidrogênio, teor ativo: cerca de 5,5% + 4,3%;L;50;20;1;244;102122-36/2026;1000
36/2026;6520;30000;Aprovada;;Material Odonto não padronizado;BENS;102122;46034;46142;108;CLINICAS ODONTO;288/2025;Alto;1;46327;Material;Instrumentos, equipamentos e suprimentos dentários;;;;;;30000;1;1;232;102122-36/2026;30000
37/2026;5220;1890;Aprovada;;Equipamentos Médico Hospitalar;BENS;102122;46146;46265;119;CLINICA DE FONOAUDIOLOGIA;140/2025;Alto;1;46112;Material;Calibres de inspeção e ferramentas de precisão;13667;Decibelímetro;;;;1890;1;1;66;102122-37/2026;1890
37/2026;6515;1522,55;Aprovada;;Equipamentos Médico Hospitalar;BENS;102122;46146;46265;119;Biotério;145/2025;Alto;1;46142;Material;Instrumentos, equipamentos e suprimentos médicos  e  cirúrgicos;;;;;;1522,55;1;1;67;102122-37/2026;1522,55
37/2026;5220;900;Aprovada;;Equipamentos Médico Hospitalar;BENS;102122;46146;46265;119;CLINICA DE FONOAUDIOLOGIA;142/2025;Alto;1;46112;Material;Calibres de inspeção e ferramentas de precisão;13667;Decibelímetro;;;;900;1;1;65;102122-37/2026;900
37/2026;6515;9000;Aprovada;;Equipamentos Médico Hospitalar;BENS;102122;46146;46265;119;CLINICA DE FONOAUDIOLOGIA;156/2025;Alto;1;46112;Material;Instrumentos, Equipamentos E Suprimentos Médicos  E  Cirúrgicos;9116;Manovacuômetro;;;;9000;1;1;68;102122-37/2026;9000
37/2026;6530;440;Aprovada;;Equipamentos Médico Hospitalar;BENS;102122;46146;46265;119;BAD - DENT. ENDO. MAT ODONT.;193/2025;Alto;1;46114;Material;Mobiliário, Equipamentos, Utensílios E  Suprimentos  Hospitalares;;;;;;440;1;1;64;102122-37/2026;440
41/2026;6830;12000;Aprovada;;Nitrogênio liquido;BENS;102122;45917;46037;120;CIP;236/2025;Médio;1;46083;Material;GASES COMPRIMIDOS E LIQUEFEITOS;;;;;;12000;1;1;47;102122-41/2026;12000
41/2026;6850;38000;Aprovada;;Nitrogênio liquido;BENS;102122;45917;46037;120;CIP;239/2025;Médio;1;46083;Material;Especialidades químicas diversas;;;;;;38000;1;1;48;102122-41/2026;38000
44/2026;871;180000;Aprovada;;Manutenção de Ar condicionado;SERVICOS;102122;45932;46052;120;ATF - FINANCEIRO;179/2025;Médio;1;46065;Serviço;Serviços De Manutenção E Reparo De Produtos Fabricados De Metal,Maquinaria E Equipamentos;;;;;;180000;1;1;36;102122-44/2026;180000
45/2026;831;375000;Aprovada;;Projeto Reforma Biblioteca;OBRAS_SERV_ESP_ENGENHARIA;102122;46098;46218;120;BIBLIOTECA;56/2025;Alto;1;46095;Serviço;SERVIÇOS DE CONSULTORIA E DE GERÊNCIA/GESTÃO;;;78;ESTUDOS E PROJETOS DE ARQUITETURA;;375000;1;1;35;102122-45/2026;375000
46/2026;7110;700;Devolvida;;Mobiliário corporativo;BENS;102122;46237;46357;120;BAE - ESTOMATO. CIRU. RADIO. PATO;26/2025;Médio;3;46174;Material;Mobiliário para escritório;;;;;;700;1;1;;;
46/2026;7110;2000;Devolvida;;Mobiliário corporativo;BENS;102122;46237;46357;120;ATAC - ACADEMICA;90/2025;Médio;1;46053;Material;Mobiliário para escritório;17955;Mesa;;;;2000;1;1;;;
46/2026;7110;4000;Devolvida;;Mobiliário corporativo;BENS;102122;46237;46357;120;ATAC - ACADEMICA;90/2025;Médio;2;46053;Material;MOBILIÁRIO PARA ESCRITÓRIO;;;;;;4000;1;1;;;
46/2026;7110;800;Devolvida;;Mobiliário corporativo;BENS;102122;46237;46357;120;ATAC - ACADEMICA;90/2025;Médio;3;46053;Material;Mobiliário para escritório;;;;;;800;1;1;;;
46/2026;7110;3000;Devolvida;;Mobiliário corporativo;BENS;102122;46237;46357;120;ATAC - ACADEMICA;141/2025;Alto;1;46053;Material;MOBILIÁRIO PARA ESCRITÓRIO;;;;;;3000;1;1;;;
46/2026;7110;6500;Devolvida;;Mobiliário corporativo;BENS;102122;46237;46357;120;BAD - DENT. ENDO. MAT ODONT.;163/2025;Alto;1;46114;Material;MOBILIÁRIO PARA ESCRITÓRIO;;;;;;6500;1;1;;;
46/2026;7110;1500;Devolvida;;Mobiliário corporativo;BENS;102122;46237;46357;120;MICROBIOLOGIA-IMUNOLOGIA;233/2025;Médio;1;46083;Material;MOBILIÁRIO PARA ESCRITÓRIO;;;;;;1500;1;1;;;
46/2026;6530;8000;Devolvida;;Mobiliário corporativo;BENS;102122;46237;46357;120;BAB - CIENCIAS BIOLÓGICAS;237/2025;Médio;1;46183;Material;Mobiliário, equipamentos, utensílios e  suprimentos  hospitalares;331;Cadeira;626462;acabamento superficial: polido, características adicionais: estrutura em aço base giratória com 4 a 5 pés, material: aço inoxidável, tipo: para laboratório;UN;800;10;1;;;
46/2026;7110;5000;Devolvida;;Mobiliário corporativo;BENS;102122;46237;46357;120;ATA - ADMINISTRACAO;306/2025;Médio;1;46082;Material;Mobiliário para escritório;;;;;;5000;1;1;;;
46/2026;7110;2300;Devolvida;;Mobiliário corporativo;BENS;102122;46237;46357;120;BAO - ODONTOP. ORTO. S COLETIVA;320/2025;Médio;1;46203;Material;Mobiliário para escritório;10981;Poltrona escritório;;;;2300;1;1;;;
46/2026;7110;3;Devolvida;;Mobiliário corporativo;BENS;102122;46237;46357;120;BAO - ODONTOP. ORTO. S COLETIVA;320/2025;Médio;2;46203;Material;MOBILIÁRIO PARA ESCRITÓRIO;313;CADEIRA ESCRITÓRIO;;;;3;1;1;;;
46/2026;7110;4500;Devolvida;;Mobiliário corporativo;BENS;102122;46237;46357;120;BAO - ODONTOP. ORTO. S COLETIVA;320/2025;Médio;3;46203;Material;MOBILIÁRIO PARA ESCRITÓRIO;9611;MESA;;;;4500;1;1;;;
46/2026;5963;600;Devolvida;;Mobiliário corporativo;BENS;102122;46237;46357;120;OBRAS;328/2025;Alto;2;46037;Material;Módulos Eletrônicos;17955;Mesa;624334;aplicação: notebook, material: mdf, tratamento superficial: plástico;UN;600;1;1;;;
46/2026;7110;600;Devolvida;;Mobiliário corporativo;BENS;102122;46237;46357;120;OBRAS;328/2025;Alto;3;46037;Material;Mobiliário Para Escritório;313;Cadeira Escritório;625040;apoio braço: com braços reguláveis, características adicionais: encosto de cabeça e suporte lombar, cor: preta, dimensões assento: 450 x 490, dimensões encosto: 450 x 560, material assento: compensado/espuma injetada, material encosto: polipropileno telado, material estrutura: resina termoplástica injetada, material revestimento assento e encosto: couro ecológico/tecido sintético, quantidade pés: 5, tipo base: giratória com 5 rodízios duplos, tipo encosto: espaldar alto c/ apoio de cabeça;UN;600;1;1;;;
50/2026;7540;15000;Aprovada;;capa de prontuário personalizado;BENS;102122;46240;46360;120;CLINICA DE FONOAUDIOLOGIA;38/2025;Médio;1;46112;Material;Formulários padronizados;8305;Impresso padronizado;;;;15000;1;1;14;102122-50/2026;15000
51/2026;859;25200;Aprovada;;Testes psicológicos e pedagógicos;BENS;102122;46084;46204;120;BAF - FONOAUDIOLOGIA;31/2025;Alto;1;46023;Serviço;OUTROS SERVIÇOS DE SUPORTE;;;18384;TESTES E AVALIAÇÕES DE PROEFICIÊNCIA E CAPACIDADE PSICO/EDUCACIONAIS;;900;28;1;12;102122-51/2026;25200
51/2026;7690;34288;Aprovada;;Testes psicológicos e pedagógicos;BENS;102122;46084;46204;120;CLINICA DE FONOAUDIOLOGIA;97/2025;Alto;1;46081;Material;IMPRESSOS DIVERSOS;12698;TESTES PSICOLÓGICOS;;;;34288;1;1;13;102122-51/2026;34288
51/2026;7820;6193;Aprovada;;Testes psicológicos e pedagógicos;BENS;102122;46084;46204;120;CLINICA DE FONOAUDIOLOGIA;99/2025;Médio;1;46101;Material;Jogos, Brinquedos E Artigos Correlatos Com Rodas;8533;Jogo / Brinquedo Pedagógico;;;;6193;1;1;11;102122-51/2026;6193
51/2026;7610;1151;Aprovada;;Testes psicológicos e pedagógicos;BENS;102122;46084;46204;120;CLINICA DE FONOAUDIOLOGIA;97/2025;Alto;2;46081;Material;Livros e folhetos;9496;Material pedagógico;;;;1151;1;1;10;102122-51/2026;1151
47/2026;7195;6000;Aprovada;;Móveis planejados;SERVICOS;102122;46105;46224;119;CPC;230/2025;Médio;1;46260;Material;MOBILIÁRIOS DIVERSOS E ACESSÓRIOS;;;;;;6000;1;1;278;102122-47/2026;6000
47/2026;951;50000;Aprovada;;Móveis planejados;SERVICOS;102122;46105;46224;119;ALMOXARIFADO;359/2025;Médio;1;46204;Serviço;Serviços Fornecidos Por Organizações Comercial,De Empregadore De Profissionais;;;13200;Confecção de Móvel de Madeira com / sem Revestimento de Fór-Mica;;50000;1;1;277;102122-47/2026;50000
48/2026;7195;30000;Aprovada;;Plataforma Acessibilidade;BENS;102122;46113;46233;120;BAF - FONOAUDIOLOGIA;348/2025;Alto;1;46023;Material;Mobiliários diversos e acessórios;10898;Plataforma - aerea trabalho;;;;30000;1;1;20;102122-48/2026;30000
49/2026;6350;1800;Aprovada;;Sistema de monitoramento e segurança;BENS;102122;45960;46080;120;BAO - ODONTOP. ORTO. S COLETIVA;83/2025;Médio;1;46142;Material;Sistemas diversos de sinalização, alarme e detecção para  segurança;;;;;;1800;1;1;17;102122-49/2026;1800
49/2026;5963;2250;Aprovada;;Sistema de monitoramento e segurança;BENS;102122;45960;46080;120;BAO - ODONTOP. ORTO. S COLETIVA;114/2025;Médio;1;46142;Material;Módulos eletrônicos;14501;Controlador Acesso;443453;tipo: display tipo touch-screen, padrão: stand-alone, tipo conexão: rede local, características adicionais: identificaçao através de biometria/smart card, aplicação: monitoramento e controle de portas de acesso, tipo uso: fechadura do tipo eletroima ou eletromagnética;UN;750;3;1;16;102122-49/2026;2250
49/2026;6350;3300;Aprovada;;Sistema de monitoramento e segurança;BENS;102122;45960;46080;120;BAD - DENT. ENDO. MAT ODONT.;184/2025;Alto;1;46114;Material;Sistemas Diversos De Sinalização, Alarme E Detecção Para  Segurança;18318;Fechadura Biometrica;;;;3300;1;1;18;102122-49/2026;3300
49/2026;5836;1500;Aprovada;;Sistema de monitoramento e segurança;BENS;102122;45960;46080;120;BAD - DENT. ENDO. MAT ODONT.;270/2025;Alto;1;46126;Material;Equipamentos para gravação e reprodução de vídeo;;;;;;1500;1;1;15;102122-49/2026;1500
49/2026;6350;5000;Aprovada;;Sistema de monitoramento e segurança;BENS;102122;45960;46080;120;CIP;318/2025;Baixo;1;46083;Material;Sistemas diversos de sinalização, alarme e detecção para  segurança;14501;Controlador Acesso;443453;tipo: display tipo touch-screen, padrão: stand-alone, tipo conexão: rede local, características adicionais: identificaçao através de biometria/smart card, aplicação: monitoramento e controle de portas de acesso, tipo uso: fechadura do tipo eletroima ou eletromagnética;UN;5000;1;1;19;102122-49/2026;5000
54/2026;546;25000;Aprovada;;Manutenção de elevadores;SERVICOS;102122;46216;46336;120;ATA - ADMINISTRACAO;135/2025;Alto;1;46329;Serviço;SERVIÇOS DE INSTALAÇÃO;;;3557;INSTALAÇÃO / MANUTENÇÃO - ELEVADORES, ESCADAS ROLANTES, MON-TA - CARGAS / PLATAFORMA / ESCADAS;;25000;1;1;8;102122-54/2026;25000
52/2026;8145;15000;Aprovada;;Container Rondônia;BENS;102122;46113;46233;120;PROJETO RONDONIA;349/2025;Médio;1;46054;Material;Recipientes especializados para transporte e armazenagem;;;;;;15000;1;1;9;102122-52/2026;15000
55/2026;547;3960;Aprovada;;Serviços manutenção clínica de Fono;SERVICOS;102122;45953;46073;120;CLINICA DE FONOAUDIOLOGIA;80/2025;Alto;1;46073;Serviço;Serviço de acabamento e finalização dos edifícios;;;5312;Instalação / manutenção / remoção - piso em geral (exceto madeirados);;110;36;1;6;102122-55/2026;3960
55/2026;873;21640;Aprovada;;Serviços manutenção clínica de Fono;SERVICOS;102122;45953;46073;120;CLINICA DE FONOAUDIOLOGIA;81/2025;Alto;1;46073;Serviço;Serviços de instalação(à exceção da construção);;;13137;Confecção / instalação - vidro / espelho / moldura;;5410;4;1;7;102122-55/2026;21640
56/2026;853;22000;Aprovada;;Limpeza de Caixa de água;SERVICOS;102122;45971;46091;120;ATA - ADMINISTRACAO;112/2025;Médio;1;46059;Serviço;Serviços de limpeza;;;;;;22000;1;1;5;102122-56/2026;22000
53/2026;8520;18000;Aprovada;;ARP Zeladoria;BENS;102122;46146;46265;119;ATA - ADMINISTRACAO;167/2025;Médio;2;46101;Material;Sabonetes, artigos para barbear e dentifrícios;;;;;;18000;1;1;231;102122-53/2026;18000
57/2026;872;21000;Aprovada;;Calibração de equipamentos Fono;SERVICOS;102122;45971;46091;120;CLINICA DE FONOAUDIOLOGIA;183/2025;Médio;1;46093;Serviço;Serviços de reparo de outros bens;;;;;;21000;1;1;4;102122-57/2026;21000
58/2026;881;36000;Aprovada;;Confecção de moldes AASI;SERVICOS;102122;46007;46127;120;CLINICA DE FONOAUDIOLOGIA;87/2025;Médio;1;46055;Serviço;Serviços de manufatura em insumos físicos que sao propriedade de outros(exceto maquinaria e equipamento);;;19992;Confecção órtese auditiva;;40;900;1;2;102122-58/2026;36000
58/2026;881;38500;Aprovada;;Confecção de moldes AASI;SERVICOS;102122;46007;46127;120;CLINICA DE FONOAUDIOLOGIA;87/2025;Médio;2;46055;Serviço;Serviços de manufatura em insumos físicos que sao propriedade de outros(exceto maquinaria e equipamento);;;19992;Confecção órtese auditiva;;35;1100;1;3;102122-58/2026;38500
59/2026;942;26000;Aprovada;;Coleta de resíduos médico hospitalares;SERVICOS;102122;45993;46113;120;ATA - ADMINISTRACAO;155/2025;Alto;1;46132;Serviço;Serviços De Eliminação De Rejeitos;;;19380;Coleta / Tratamento Lixo - Hospitalar;;2,6;10000;1;1;102122-59/2026;26000
1/2026;545;23000;Aprovada;;Serviços manutenção de cobertura;SERVICOS;102122;46083;46203;120;OBRAS;220/2025;Alto;1;46082;Serviço;Tipos especiais de serviços de construção;;;19224;Construção / manutenção / reforma - telhado;;23000;1;1;134;102122-1/2026;23000
1/2026;545;45000;Aprovada;;Serviços manutenção de cobertura;SERVICOS;102122;46083;46203;120;BIBLIOTECA;262/2025;Alto;1;46080;Serviço;Tipos especiais de serviços de construção;;;19224;Construção / manutenção / reforma - telhado;;45000;1;1;135;102122-1/2026;45000
5/2026;4120;80000;Aprovada;;Ar Condicionado ;BENS;102122;45989;46111;122;ATF - FINANCEIRO;205/2025;Médio;1;46218;Material;Equipamento de ar condicionado;;;;;;80000;1;1;129;102122-5/2026;80000
5/2026;4120;122000;Aprovada;;Ar Condicionado ;BENS;102122;45989;46111;122;ATF - FINANCEIRO;227/2025;Médio;1;46218;Material;Equipamento de ar condicionado;;;;;;122000;1;1;130;102122-5/2026;122000
5/2026;4120;35000;Aprovada;;Ar Condicionado ;BENS;102122;45989;46111;122;ATAC - ACADEMICA;245/2025;Alto;1;46122;Material;EQUIPAMENTO DE AR CONDICIONADO;;;;;;35000;1;1;131;102122-5/2026;35000
5/2026;4120;62800;Aprovada;;Ar Condicionado ;BENS;102122;45989;46111;122;CLINICAS ODONTO;290/2025;Alto;1;46233;Material;Equipamento de ar condicionado;;;;;;62800;1;1;132;102122-5/2026;62800
6/2026;4210;10000;Aprovada;Fase Externa;Recarga de extintor e teste de estanqueidade;SERVICOS;102122;45989;46072;83;ATA - ADMINISTRACAO;251/2025;Alto;1;46086;Material;Equipamentos para combate a incêndio;;;;;;10000;1;1;127;102122-6/2026;10000
6/2026;835;5600;Aprovada;Fase Externa;Recarga de extintor e teste de estanqueidade;SERVICOS;102122;45989;46072;83;ATA - ADMINISTRACAO;253/2025;Alto;1;46183;Serviço;Serviços científicos e outros serviços técnicos;;;16276;Execução de teste de estanqueidade;;80;70;1;128;102122-6/2026;5600
7/2026;833;35000;Aprovada;Fase Externa;Renovação AVCB;SERVICOS;102122;46048;46057;9;ATA - ADMINISTRACAO;313/2025;Alto;1;46069;Serviço;Serviços de engenharia;;;;;;35000;1;1;126;102122-7/2026;35000
9/2026;8710;7500;Aprovada;;Filtros Diversos;BENS;102122;46051;46171;120;Biotério;131/2025;Alto;1;46142;Material;Forragens e alimentos;;;;;;7500;1;1;204;102122-9/2026;7500
9/2026;9999;10790;Aprovada;;Filtros Diversos;BENS;102122;46051;46171;120;Biotério;137/2025;Alto;1;46142;Material;ITENS DIVERSOS;6695;CONJUNTO FILTRAGEM;;;;10790;1;1;207;102122-9/2026;10790
9/2026;4460;25000;Aprovada;;Filtros Diversos;BENS;102122;46051;46171;120;ATA - ADMINISTRACAO;194/2025;Médio;1;46063;Material;Equipamentos para purificação de ar;;;;;;25000;1;1;216;102122-9/2026;25000
9/2026;873;7065,2;Aprovada;;Filtros Diversos;BENS;102122;46051;46171;120;Biotério;243/2025;Alto;1;46142;Serviço;Serviços de instalação(à exceção da construção);;;20141;Instalação / montagem / manutenção - estante ventilada / isolador animal / canil;;3532,6;2;1;215;102122-9/2026;7065,2
9/2026;6640;1750;Aprovada;;Filtros Diversos;BENS;102122;46051;46171;120;BAB - CIENCIAS BIOLÓGICAS;238/2025;Alto;1;46157;Material;EQUIPAMENTOS E ARTIGOS DE LABORATÓRIO;12139;SISTEMA FILTRAÇÃO;605791;ADICIONAL: REFIL, CAPACIDADE: 1000, COMPONENTES ADICIONAIS: COM FILTRO 0,22 ?M (PES), COMPOSIÇÃO: COM FUNIL, ESTERILIDADE: ESTÉRIL, MATERIAL: EM PLÁSTICO, TIPO: À VÁCUO;UN;1750;1;1;201;102122-9/2026;1750
9/2026;6240;180;Aprovada;;Filtros Diversos;BENS;102122;46051;46171;120;BAB - CIENCIAS BIOLÓGICAS;238/2025;Alto;2;46157;Material;Lâmpadas Elétricas;8658;Lâmpada Fluorescente;454050;características adicionais: com filtro ultravioleta, comprimento máximo: 600, potência nominal: 18, tensão nominal: 127/220, tipo: germicida, tipo base: g13, tipo bulbo: t8;UN;180;1;1;199;102122-9/2026;180
9/2026;4460;5500;Aprovada;;Filtros Diversos;BENS;102122;46051;46171;120;BAB - CIENCIAS BIOLÓGICAS;238/2025;Alto;3;46157;Material;Equipamentos Para Purificação De Ar;13506;Unidade Descontaminação Ar;470870;aplicação: descontaminação ambiental doméstica/comercial, características adicionais: baixo nível ruído/fácil instalação, forma filtragem: pré-filtro bactericida / filtro hepa, tipo: compacta e portátil, tipo sistema: filtragem;UN;5500;1;1;217;102122-9/2026;5500
9/2026;6240;2800;Aprovada;;Filtros Diversos;BENS;102122;46051;46171;120;BAB - CIENCIAS BIOLÓGICAS;278/2025;Alto;1;46091;Material;Lâmpadas Elétricas;8670;Lâmpada Ultravioleta;455354;formato: tubular, potência nominal: 15, tensão alimentação: 54, tipo: tuv, tipo base: g13, tipo bulbo: t8;UN;2800;1;1;200;102122-9/2026;2800
9/2026;9999;2800;Aprovada;;Filtros Diversos;BENS;102122;46051;46171;120;BAB - CIENCIAS BIOLÓGICAS;278/2025;Alto;2;46091;Material;Itens diversos;3488;Peças E Acessórios Purificador Água;627872;aplicação: lampada uv, referência: 3at43984-0500 - gehaka, tipo: soquete;UN;2800;1;1;203;102122-9/2026;2800
9/2026;9999;610;Aprovada;;Filtros Diversos;BENS;102122;46051;46171;120;BAB - CIENCIAS BIOLÓGICAS;278/2025;Alto;3;46091;Material;Itens diversos;3488;Peças E Acessórios Purificador Água;626216;aplicação: purificador de água acquabios ab 200, características adicionais: tripla filtragem, blindado, referência 1: mpgp 002a1, tipo 1: refil purificador;UN;610;1;1;202;102122-9/2026;610
9/2026;9999;180;Aprovada;;Filtros Diversos;BENS;102122;46051;46171;120;BAB - CIENCIAS BIOLÓGICAS;278/2025;Alto;4;46091;Material;Itens diversos;3488;Peças E Acessórios Purificador Água;625121;altura: 205, aplicação: purificador água hoken modelo hk 601 e hk 1000, componentes: carvão ativado, tipo: filtro refil;UN;180;1;1;212;102122-9/2026;180
9/2026;9999;130;Aprovada;;Filtros Diversos;BENS;102122;46051;46171;120;BAB - CIENCIAS BIOLÓGICAS;278/2025;Alto;5;46091;Material;Itens diversos;3488;Peças E Acessórios Purificador Água;625120;altura: 220, aplicação: purificador água ibbl modelo bdf 300, componentes: fibra de polipropileno, tipo: filtro refil;UN;130;1;1;206;102122-9/2026;130
9/2026;9999;120;Aprovada;;Filtros Diversos;BENS;102122;46051;46171;120;BAB - CIENCIAS BIOLÓGICAS;278/2025;Alto;6;46091;Material;Itens diversos;3488;Peças E Acessórios Purificador Água;625161;"altura: 5, aplicação: ponto de entrada (poe), características adicionais: conexões: 3/4 (rosca metálica), tipo 1: carcaça de filtro em polipropileno""";UN;120;1;1;205;102122-9/2026;120
9/2026;9999;3500;Aprovada;;Filtros Diversos;BENS;102122;46051;46171;120;BAB - CIENCIAS BIOLÓGICAS;278/2025;Alto;7;46091;Material;Itens diversos;3488;Peças E Acessórios Purificador Água;618426;aplicação: purificador millipore, referência: cdrc60202, tipo: cartucho deionização;UN;3500;1;1;209;102122-9/2026;3500
9/2026;9999;1505;Aprovada;;Filtros Diversos;BENS;102122;46051;46171;120;BAB - CIENCIAS BIOLÓGICAS;278/2025;Alto;8;46091;Material;Itens diversos;3488;Peças E Acessórios Purificador Água;618273;aplicação: purificador de água colormaq premium, capacidade deionização: 48, características adicionais: vida útil: 3.000 litros, componentes: carvão ativado, tipo: filtro refil;UN;1505;1;1;208;102122-9/2026;1505
9/2026;9999;1661;Aprovada;;Filtros Diversos;BENS;102122;46051;46171;120;BAB - CIENCIAS BIOLÓGICAS;278/2025;Alto;9;46091;Material;Itens diversos;3488;Peças E Acessórios Purificador Água;618503;aplicação: filtro elix 35, características adicionais: com retentor de co2, referência 1: tankvnt02, marca millipore, tipo 1: filtro para respiro de tanque de água;UN;1661;1;1;211;102122-9/2026;1661
9/2026;872;1800;Aprovada;;Filtros Diversos;BENS;102122;46051;46171;120;BAB - CIENCIAS BIOLÓGICAS;278/2025;Alto;1;46091;Serviço;Serviços De Reparo De Outros Bens;;;14460;Aferição e/ou Calibração de Sensores;;1800;1;1;213;102122-9/2026;1800
9/2026;872;4200;Aprovada;;Filtros Diversos;BENS;102122;46051;46171;120;BAB - CIENCIAS BIOLÓGICAS;238/2025;Alto;1;46157;Serviço;SERVIÇOS DE REPARO DE OUTROS BENS;;;14427;AFERIÇÃO, CALIBRAÇÃO E MEDIÇÃO DE MÁQUINAS / INSTRUMENTOS  /SENSORES / PADRÕES / EQUIPAMENTOS;;2100;2;1;214;102122-9/2026;4200
9/2026;9150;5000;Aprovada;;Filtros Diversos;BENS;102122;46051;46171;120;CIP;247/2025;Baixo;1;46083;Material;Óleos e graxas para corte, lubrificação e sistemas  hidráulicos;;;;;;5000;1;1;210;102122-9/2026;5000
10/2026;4720;6196;Aprovada;;Ferramentas e  itens de manutenção;BENS;102122;46113;46233;120;Biotério;136/2025;Alto;1;46142;Material;MANGUEIRAS E TUBULAÇÕES FLEXÍVEIS;13821;MANGUEIRA;;;;6196;1;1;189;102122-10/2026;6196
10/2026;4730;20000;Aprovada;;Ferramentas e  itens de manutenção;BENS;102122;46113;46233;120;ATA - ADMINISTRACAO;187/2025;Baixo;1;46111;Material;Acessórios e ferragens especiais para  mangueiras, canos  e tubos;;;;;;20000;1;1;190;102122-10/2026;20000
10/2026;4710;30000;Aprovada;;Ferramentas e  itens de manutenção;BENS;102122;46113;46233;120;ATA - ADMINISTRACAO;187/2025;Baixo;2;46111;Material;Canos e tubos;;;;;;30000;1;1;191;102122-10/2026;30000
10/2026;5330;20000;Aprovada;;Ferramentas e  itens de manutenção;BENS;102122;46113;46233;120;ATA - ADMINISTRACAO;187/2025;Baixo;3;46111;Material;Gaxetas e outros materiais para vedação;;;;;;20000;1;1;192;102122-10/2026;20000
10/2026;4710;15000;Aprovada;;Ferramentas e  itens de manutenção;BENS;102122;46113;46233;120;ATA - ADMINISTRACAO;206/2025;Baixo;1;46101;Material;Canos E Tubos;14495;Tubo Metalon;;;;15000;1;1;193;102122-10/2026;15000
10/2026;5345;6000;Aprovada;;Ferramentas e  itens de manutenção;BENS;102122;46113;46233;120;ATA - ADMINISTRACAO;206/2025;Baixo;2;46101;Material;Discos e pedras abrasivos;;;;;;6000;1;1;194;102122-10/2026;6000
10/2026;4510;8000;Aprovada;;Ferramentas e  itens de manutenção;BENS;102122;46113;46233;120;ATA - ADMINISTRACAO;206/2025;Baixo;3;46101;Material;Dispositivos e acessórios para instalações hidráulicas;;;;;;8000;1;1;195;102122-10/2026;8000
10/2026;5350;1500;Aprovada;;Ferramentas e  itens de manutenção;BENS;102122;46113;46233;120;ATA - ADMINISTRACAO;212/2025;Baixo;3;46111;Material;Materiais Abrasivos;;;;;;1500;1;1;196;102122-10/2026;1500
10/2026;5120;6000;Aprovada;;Ferramentas e  itens de manutenção;BENS;102122;46113;46233;120;ATA - ADMINISTRACAO;217/2025;Baixo;1;46114;Material;Ferramentas manuais sem corte, não acionadas  por  força  motriz;;;;;;6000;1;1;197;102122-10/2026;6000
10/2026;5130;8000;Aprovada;;Ferramentas e  itens de manutenção;BENS;102122;46113;46233;120;ATA - ADMINISTRACAO;217/2025;Baixo;2;46114;Material;Ferramentas Manuais Acionadas Por Força Motriz;;;;;;8000;1;1;198;102122-10/2026;8000
13/2026;8010;15000;Aprovada;;Material de Pintura;BENS;102122;45974;46094;120;ATA - ADMINISTRACAO;212/2025;Baixo;1;46111;Material;Tintas, vernizes e produtos correlatos;;;;;;15000;1;1;120;102122-13/2026;15000
13/2026;8020;1500;Aprovada;;Material de Pintura;BENS;102122;45974;46094;120;ATA - ADMINISTRACAO;212/2025;Baixo;2;46111;Material;Pincel para artistas e pintores;;;;;;1500;1;1;121;102122-13/2026;1500
14/2026;8405;24000;Aprovada;;Vestuário;BENS;102122;46190;46310;120;ATAC - ACADEMICA;102/2025;Médio;1;46173;Material;Vestuário externo masculino;;;;;;24000;1;1;397;102122-14/2026;24000
14/2026;6640;25000;Aprovada;;Vestuário;BENS;102122;46190;46310;120;ATA - ADMINISTRACAO;235/2025;Alto;1;46063;Material;Equipamentos e artigos de laboratório;;;;;;25000;1;1;398;102122-14/2026;25000
14/2026;8415;6000;Aprovada;;Vestuário;BENS;102122;46190;46310;120;ATA - ADMINISTRACAO;244/2025;Médio;1;46083;Material;Vestuário para fins especiais;;;;;;6000;1;1;396;102122-14/2026;6000
15/2026;5133;2800;Aprovada;;Materiais de Laboratório Orto e Fono;BENS;102122;46051;46171;120;BAO - ODONTOP. ORTO. S COLETIVA;85/2025;Médio;4;46111;Material;Brocas, Alargadores, Escariadores, Manuais E Para Uso Em  Máquinas;3879;Broca;;;;2800;1;1;179;102122-15/2026;2800
15/2026;881;1400;Aprovada;;Materiais de Laboratório Orto e Fono;BENS;102122;46051;46171;120;BAO - ODONTOP. ORTO. S COLETIVA;85/2025;Médio;1;46111;Serviço;Serviços de manufatura em insumos físicos que sao propriedade de outros(exceto maquinaria e equipamento);;;18880;Confecção artefato em resina;;280;5;1;177;102122-15/2026;1400
15/2026;881;1400;Aprovada;;Materiais de Laboratório Orto e Fono;BENS;102122;46051;46171;120;BAO - ODONTOP. ORTO. S COLETIVA;85/2025;Médio;2;46111;Serviço;Serviços de manufatura em insumos físicos que sao propriedade de outros(exceto maquinaria e equipamento);;;18880;Confecção artefato em resina;;280;5;2;178;102122-15/2026;1400
15/2026;6520;2000;Aprovada;;Materiais de Laboratório Orto e Fono;BENS;102122;46051;46171;120;CLINICA DE FONOAUDIOLOGIA;305/2025;Médio;1;46125;Material;Instrumentos, Equipamentos E Suprimentos Dentários;3888;Broca Baixa Rotação;;;;2000;1;1;176;102122-15/2026;2000
15/2026;5350;3500;Aprovada;;Materiais de Laboratório Orto e Fono;BENS;102122;46051;46171;120;CLINICA DE FONOAUDIOLOGIA;305/2025;Médio;2;46125;Material;Materiais Abrasivos;585;Lixa;;;;3500;1;1;180;102122-15/2026;3500
15/2026;6515;2100;Aprovada;;Materiais de Laboratório Orto e Fono;BENS;102122;46051;46171;120;CLINICA DE FONOAUDIOLOGIA;305/2025;Médio;3;46125;Material;Instrumentos, Equipamentos E Suprimentos Médicos  E  Cirúrgicos;;;;;;2100;1;1;175;102122-15/2026;2100
17/2026;6515;300000;Aprovada;;Material médico hospitalar almox;BENS;102122;46118;46237;119;ALMOXARIFADO;174/2025;Médio;2;46235;Material;INSTRUMENTOS, EQUIPAMENTOS E SUPRIMENTOS MÉDICOS  E  CIRÚRGICOS;;;;;;300000;1;1;294;102122-17/2026;300000
17/2026;6515;315;Aprovada;;Material médico hospitalar almox;BENS;102122;46118;46237;119;BAB - CIENCIAS BIOLÓGICAS;196/2025;Alto;1;46055;Material;INSTRUMENTOS, EQUIPAMENTOS E SUPRIMENTOS MÉDICOS  E  CIRÚRGICOS;17428;SERINGA;439688;"ADICIONAL: GRADUADA, NUMERADA, APRESENTAÇÃO: EMBALAGEM INDIVIDUAL, CAPACIDADE: 5, ESTERILIDADE: ESTÉRIL, DESCARTÁVEL, MATERIAL: POLIPROPILENO, TIPO AGULHA: C/ AGULHA 22 G X 1, TIPO BICO: BICO CENTRAL LUER LOCK OU SLIP, TIPO VEDAÇÃO: ÊMBOLO DE BORRACHA""";UN;0,45;700;1;167;102122-17/2026;315
17/2026;6515;50;Aprovada;;Material médico hospitalar almox;BENS;102122;46118;46237;119;BAB - CIENCIAS BIOLÓGICAS;196/2025;Alto;2;46055;Material;Instrumentos, equipamentos e suprimentos médicos  e  cirúrgicos;17428;Seringa;439641;adicional: graduada, numerada, apresentação: embalagem individual, capacidade: 10, componente adicional: c/ sistema segurança segundo nr/32, esterilidade: estéril, descartável, material: polipropileno, tipo bico: bico central luer lock ou slip, tipo vedação: êmbolo de borracha;UN;0,5;100;1;170;102122-17/2026;50
17/2026;6515;564;Aprovada;;Material médico hospitalar almox;BENS;102122;46118;46237;119;BAB - CIENCIAS BIOLÓGICAS;196/2025;Alto;3;46055;Material;Instrumentos, Equipamentos E Suprimentos Médicos  E  Cirúrgicos;2171;Agulha Hipodérmica;;;;564;1;1;172;102122-17/2026;564
17/2026;6515;370;Aprovada;;Material médico hospitalar almox;BENS;102122;46118;46237;119;BAB - CIENCIAS BIOLÓGICAS;196/2025;Alto;4;46055;Material;Instrumentos, equipamentos e suprimentos médicos  e  cirúrgicos;13092;Tubo para coleta de amostra biológica;;;;370;1;1;169;102122-17/2026;370
17/2026;6515;90;Aprovada;;Material médico hospitalar almox;BENS;102122;46118;46237;119;BAB - CIENCIAS BIOLÓGICAS;196/2025;Alto;6;46055;Material;Instrumentos, Equipamentos E Suprimentos Médicos  E  Cirúrgicos;3701;Cateter Periférico;625221;aplicação: venoso, componente 1: câmara refluxo c/ filtro, componente 2: c/ sistema segurança segundo nr/32, comprimento: cerca 25, conector: conector padrão, diametro: 20, material agulha: agulha aço inox, material cateter: polímero radiopaco, tipo uso: estéril, descartável, embalagem individual;UN;0,6;150;1;171;102122-17/2026;90
17/2026;6515;1350;Aprovada;;Material médico hospitalar almox;BENS;102122;46118;46237;119;BAB - CIENCIAS BIOLÓGICAS;196/2025;Alto;8;46055;Material;Instrumentos, equipamentos e suprimentos médicos  e  cirúrgicos;;;;;;1350;1;1;168;102122-17/2026;1350
61/2026;6515;150000;Aprovada;;Projeto Integração Interdisciplinar no Diagnóstico e Tratamento de Distúrbios  de respiração;BENS;102122;45964;46083;119;BAF - FONOAUDIOLOGIA;361/2025;Médio;1;46082;Material;Instrumentos, equipamentos e suprimentos médicos  e  cirúrgicos;11752;Rinoscopio;;;;150000;1;1;272;102122-61/2026;150000
61/2026;6515;60000;Aprovada;;Projeto Integração Interdisciplinar no Diagnóstico e Tratamento de Distúrbios  de respiração;BENS;102122;45964;46083;119;BAF - FONOAUDIOLOGIA;361/2025;Médio;2;46082;Material;Instrumentos, equipamentos e suprimentos médicos  e  cirúrgicos;7717;Fonte de luz fria;;;;60000;1;1;273;102122-61/2026;60000
61/2026;6515;7000;Aprovada;;Projeto Integração Interdisciplinar no Diagnóstico e Tratamento de Distúrbios  de respiração;BENS;102122;45964;46083;119;BAF - FONOAUDIOLOGIA;361/2025;Médio;3;46082;Material;Instrumentos, equipamentos e suprimentos médicos  e  cirúrgicos;2085;Adaptador;;;;7000;1;1;274;102122-61/2026;7000
61/2026;6515;25500;Aprovada;;Projeto Integração Interdisciplinar no Diagnóstico e Tratamento de Distúrbios  de respiração;BENS;102122;45964;46083;119;BAF - FONOAUDIOLOGIA;361/2025;Médio;4;46082;Material;Instrumentos, equipamentos e suprimentos médicos  e  cirúrgicos;19843;Endoscópio rígido;;;;25500;1;1;275;102122-61/2026;25500
61/2026;6515;130000;Aprovada;;Projeto Integração Interdisciplinar no Diagnóstico e Tratamento de Distúrbios  de respiração;BENS;102122;45964;46083;119;BAF - FONOAUDIOLOGIA;361/2025;Médio;5;46082;Material;Instrumentos, Equipamentos E Suprimentos Médicos  E  Cirúrgicos;7145;Aparelho Ultrassonografia;;;;130000;1;1;276;102122-61/2026;130000
16/2026;6532;100000;Aprovada;;Descartáveis Hospitalar Almox;BENS;102122;45964;46083;119;ALMOXARIFADO;174/2025;Médio;1;46235;Material;VESTUÁRIO HOSPITALAR E CIRÚRGICO E ITENS CORRELATOS DE  FINALIDADES ESPECIAIS;;;;;;100000;1;1;293;102122-16/2026;100000
16/2026;6520;55000;Aprovada;;Descartáveis Hospitalar Almox;BENS;102122;45964;46083;119;CME - CENTRAL MATERIAL ESTERILIZACAO;260/2025;Médio;1;46054;Material;Instrumentos, equipamentos e suprimentos dentários;;;;;;55000;1;1;173;102122-16/2026;55000
16/2026;8105;10000;Aprovada;;Descartáveis Hospitalar Almox;BENS;102122;45964;46083;119;CME - CENTRAL MATERIAL ESTERILIZACAO;261/2025;Médio;1;46055;Material;Sacos e bolsas;;;;;;10000;1;1;174;102122-16/2026;10000
62/2026;5965;26994;Aprovada;;Projeto Impact Lab - aquisição de equipamentos;BENS;102122;45964;46083;119;BAF - FONOAUDIOLOGIA;362/2025;Médio;1;46082;Material;Fones, microfones e alto-falantes;14704;Telefone Cabeça;420854;características adicionais: conexão headset ao computador, tipo: headset com cabo qd (quiq-disconet), tipo acionamento: liga/desliga com um toque, tipo conector: usb;UN;4499;6;1;281;102122-62/2026;26994
62/2026;5895;1794;Aprovada;;Projeto Impact Lab - aquisição de equipamentos;BENS;102122;45964;46083;119;BAF - FONOAUDIOLOGIA;362/2025;Médio;2;46082;Material;Equipamentos diversos para comunicações;18514;Transceiver;628537;aplicação: redes de dados, características adicionais: cabeamento ótico com conector lc duplex, distância: até 10, tipo: modulo sfp (small for-factor pluggable);UN;299;6;1;282;102122-62/2026;1794
62/2026;6540;1614;Aprovada;;Projeto Impact Lab - aquisição de equipamentos;BENS;102122;45964;46083;119;BAF - FONOAUDIOLOGIA;362/2025;Médio;3;46082;Material;Equipamentos, instrumentos e suprimentos oftalmológicos;13999;Sistema De Lentes Para Equipamento Oftalmológico;612103;ajuste: ajustável, rotação 360°, aplicação: amplificação do campo visual, compatibilidade: compatível c/ microscópio cirúrgico, modelo: de não contato, tipo: grande ocular;UN;269;6;1;283;102122-62/2026;1614
62/2026;5965;13794;Aprovada;;Projeto Impact Lab - aquisição de equipamentos;BENS;102122;45964;46083;119;BAF - FONOAUDIOLOGIA;362/2025;Médio;4;46082;Material;Fones, microfones e alto-falantes;7703;Fone Ouvido;626457;acoplamento auricular: circumaural (over-ear), aplicação: áudio, características adicionais: almofadas com espuma, comprimento fio: 3, freqüência: 10 hz - 25, impedância: 32, modelo: sh450, sensibilidade: 113, tipo: over ear;UN;2299;6;1;284;102122-62/2026;13794
62/2026;5965;3054;Aprovada;;Projeto Impact Lab - aquisição de equipamentos;BENS;102122;45964;46083;119;BAF - FONOAUDIOLOGIA;362/2025;Médio;5;46082;Material;Fones, microfones e alto-falantes;7703;Fone Ouvido;628093;aplicação: transceptores portáteis apx 900, 7000 e 8000, características adicionais: código original do fone rln6242, comprimento fio: 0,50, tipo: intra auricular;UN;509;6;1;285;102122-62/2026;3054
62/2026;7050;1746;Aprovada;;Projeto Impact Lab - aquisição de equipamentos;BENS;102122;45964;46083;119;BAF - FONOAUDIOLOGIA;362/2025;Médio;6;46082;Material;Equipamentos De Rede De Tic - Local E Remota;237;Roteador;614914;características adicionais: 4 antenas cobertura até 200m, protocolo lan: 4 portas lan 10, protocolo wan: 1 porta 10/100/1000mbps, recurso segurança: wpa - wpa2 - wps, tensão alimentação: 110/220, tipo arquitetura: dual band: padrão wifi 2,4ghz (até 400mbps) e 5ghz, tipo linha: ip sem fio, velocidade: 1.266;UN;291;6;1;286;102122-62/2026;1746
62/2026;7010;7794;Aprovada;;Projeto Impact Lab - aquisição de equipamentos;BENS;102122;45964;46083;119;BAF - FONOAUDIOLOGIA;362/2025;Médio;7;46082;Material;Computadores;19246;Tablet;620677;armazenamento externo: sem armazenamento externo, armazenamento interno: superior a 32, conectividade: wi-fi / 5g / bluetooth, câmera frontal: superior a 8, câmera traseira: 8,1 a 13, memória ram: mínimo 8, processador: octa core ou superior, sistema operacional: open source, tela: superior a 10;UN;1299;6;1;287;102122-62/2026;7794
62/2026;891;192000;Aprovada;;Projeto Impact Lab - aquisição de equipamentos;BENS;102122;45964;46083;119;BAF - FONOAUDIOLOGIA;363/2025;Baixo;1;46082;Serviço;Serviços De Reprodução, Publicação E Impressão;;;15458;Produção Obra Audiovisual;;64000;3;1;279;102122-62/2026;192000
62/2026;963;192000;Aprovada;;Projeto Impact Lab - aquisição de equipamentos;BENS;102122;45964;46083;119;BAF - FONOAUDIOLOGIA;364/2025;Médio;1;46082;Serviço;Serviços Relacionados Com Atores E Outros Artistas;;;15830;Apresentação Artística / Musical / Canto / Coral;;12000;16;1;280;102122-62/2026;192000
20/2026;8955;100000;Aprovada;;Copa e Cozinha Almox;BENS;102122;46118;46237;119;ALMOXARIFADO;119/2025;Médio;1;46174;Material;CAFÉ, CHÁ E CHOCOLATE;;;;;;100000;1;1;289;102122-20/2026;100000
20/2026;8940;2500;Aprovada;;Copa e Cozinha Almox;BENS;102122;46118;46237;119;ALMOXARIFADO;119/2025;Médio;2;46174;Material;ALIMENTOS ESPECIAIS DIETÉTICOS E PREPARADOS ALIMENTÍCIOS;;;;;;2500;1;1;290;102122-20/2026;2500
20/2026;8925;9000;Aprovada;;Copa e Cozinha Almox;BENS;102122;46118;46237;119;ALMOXARIFADO;119/2025;Médio;3;46174;Material;AÇÚCAR, CONFEITOS, CASTANHAS, NOZES E SIMILARES;;;;;;9000;1;1;291;102122-20/2026;9000
20/2026;8540;10000;Aprovada;;Copa e Cozinha Almox;BENS;102122;46118;46237;119;ALMOXARIFADO;119/2025;Médio;4;46174;Material;ARTIGOS DE PAPEL PARA HIGIENE;;;;;;10000;1;1;161;102122-20/2026;10000
20/2026;7350;10000;Aprovada;;Copa e Cozinha Almox;BENS;102122;46118;46237;119;ALMOXARIFADO;119/2025;Médio;5;46174;Material;LOUÇA E ARTIGOS DE MESA;;;;;;10000;1;1;162;102122-20/2026;10000
20/2026;7930;2000;Aprovada;;Copa e Cozinha Almox;BENS;102122;46118;46237;119;ALMOXARIFADO;119/2025;Médio;6;46174;Material;COMPOSTOS E PREPARADOS PARA LIMPEZA E POLIMENTO;;;;;;2000;1;1;163;102122-20/2026;2000
20/2026;8135;2000;Aprovada;;Copa e Cozinha Almox;BENS;102122;46118;46237;119;ALMOXARIFADO;119/2025;Médio;7;46174;Material;MATERIAIS A GRANEL PARA ACONDICIONAMENTO E EMBALAGEM;;;;;;2000;1;1;164;102122-20/2026;2000
20/2026;7920;1500;Aprovada;;Copa e Cozinha Almox;BENS;102122;46118;46237;119;ALMOXARIFADO;119/2025;Médio;8;46174;Material;VASSOURAS, ESCOVAS, RODOS, ESPONJAS E ESFREGÕES;;;;;;1500;1;1;165;102122-20/2026;1500
63/2026;6640;5000000;Aprovada;;Edita PRPI microscópio Leica;BENS;102122;45964;46083;119;BAB - CIENCIAS BIOLÓGICAS;367/2025;Médio;1;46082;Material;Equipamentos E Artigos De Laboratório;7059;Microscópio;;;;5000000;1;1;271;102122-63/2026;5000000
66/2026;7080;776626;Aprovada;;Projeto Conecta - Edital;BENS;102122;45964;46083;119;BAF - FONOAUDIOLOGIA;366/2025;Médio;1;46082;Material;Peças, acessórios e ferramentas para redes de tic;;;;;;776626;1;1;262;102122-66/2026;776626
66/2026;7060;31200;Aprovada;;Projeto Conecta - Edital;BENS;102122;45964;46083;119;BAF - FONOAUDIOLOGIA;366/2025;Médio;2;46082;Material;Peças e acessórios para computadores;;;;;;31200;1;1;263;102122-66/2026;31200
66/2026;872;16000;Aprovada;;Projeto Conecta - Edital;BENS;102122;45964;46083;119;BAF - FONOAUDIOLOGIA;366/2025;Médio;1;46082;Serviço;Serviços de reparo de outros bens;;;14435;Aferição e/ou calibragem de máquina universal de ensaios;;8000;2;1;264;102122-66/2026;16000
66/2026;141;3000;Aprovada;;Projeto Conecta - Edital;BENS;102122;45964;46083;119;BAF - FONOAUDIOLOGIA;366/2025;Médio;2;46082;Serviço;Serviços de telefonia  fixa comutada  (stfc),  telecomunica-ções móveis (smp) e telecomunicações satelitais;;;27910;Acesso à internet móvel - internet patrocinada;;3000;1;1;265;102122-66/2026;3000
65/2026;7040;549925;Aprovada;;Projeto Inovação Tecnológica na Odonto reabilitadora - Prótese;BENS;102122;45964;46083;119;BAP - Prótese e Periodontia;365/2025;Médio;1;46082;Material;EQUIPAMENTOS DE ENTRADA DE DADOS;238;SCANNER;623997;APLICAÇÃO: DIGITALIZAÇÃO DE LIVROS, FORMATO: A3, INTERFACE: USB 2.0, RESOLUÇÃO ÓTICA: 300, TENSÃO ALIMENTAÇÃO: BIVOLT, TIPO: PLANETÁRIO, TIPO ALIMENTADOR PAPEL: MANUAL, VELOCIDADE DIGITALIZAÇÃO: 1,5 PPS;UN;109985;5;1;266;102122-65/2026;549925
65/2026;7090;131480;Aprovada;;Projeto Inovação Tecnológica na Odonto reabilitadora - Prótese;BENS;102122;45964;46083;119;BAP - Prótese e Periodontia;365/2025;Médio;2;46082;Material;Suprimentos de informática - tic;8320;Impressora 3d;;;;131480;1;1;267;102122-65/2026;131480
65/2026;3417;229830;Aprovada;;Projeto Inovação Tecnológica na Odonto reabilitadora - Prótese;BENS;102122;45964;46083;119;BAP - Prótese e Periodontia;365/2025;Médio;3;46082;Material;Máquinas De Fresar;9284;Fresadora;;;;229830;1;1;268;102122-65/2026;229830
65/2026;6520;98977;Aprovada;;Projeto Inovação Tecnológica na Odonto reabilitadora - Prótese;BENS;102122;45964;46083;119;BAP - Prótese e Periodontia;365/2025;Médio;4;46082;Material;Instrumentos, equipamentos e suprimentos dentários;;;;;;98977;1;1;269;102122-65/2026;98977
21/2026;541;248112,5;Devolvida;;Obra Vestiário Clínica de Fono;SERVICOS;102122;46146;46266;120;OBRAS;226/2025;Alto;1;46266;Serviço;Serviços gerais de construção dos edifícios;;;;;;248112,5;1;1;;;
24/2026;545;25000;Aprovada;;Obra Fluxo Digital Dentística;SERVICOS;102122;45994;46174;180;OBRAS;207/2025;Médio;1;46174;Serviço;Tipos especiais de serviços de construção;;;1627;Manutenção / reforma predial;;25000;1;1;116;102122-24/2026;25000
24/2026;545;30000;Aprovada;;Obra Fluxo Digital Dentística;SERVICOS;102122;45994;46174;180;OBRAS;272/2025;Alto;1;46204;Serviço;Tipos especiais de serviços de construção;;;19224;Construção / manutenção / reforma - telhado;;30000;1;1;117;102122-24/2026;30000
23/2026;545;55000;Aprovada;;Obras Pequenos Reparos;SERVICOS;102122;45966;46146;180;OBRAS;222/2025;Médio;1;46143;Serviço;TIPOS ESPECIAIS DE SERVIÇOS DE CONSTRUÇÃO;;;19224;CONSTRUÇÃO / MANUTENÇÃO / REFORMA - TELHADO;;55000;1;1;347;102122-23/2026;55000
23/2026;545;50000;Aprovada;;Obras Pequenos Reparos;SERVICOS;102122;45966;46146;180;OBRAS;224/2025;Médio;1;46174;Serviço;Tipos especiais de serviços de construção;;;19224;Construção / manutenção / reforma - telhado;;50000;1;1;348;102122-23/2026;50000
23/2026;545;100000;Aprovada;;Obras Pequenos Reparos;SERVICOS;102122;45966;46146;180;OBRAS;332/2025;Médio;1;46127;Serviço;TIPOS ESPECIAIS DE SERVIÇOS DE CONSTRUÇÃO;;;;;;100000;1;1;349;102122-23/2026;100000
25/2026;831;108000;Devolvida;;Projeto Ampliação e Reforma Bloco Didático I;SERVICOS;102122;45933;46113;180;OBRAS;294/2025;Alto;1;46082;Serviço;Serviços De Consultoria E De Gerência/Gestão;;;78;Estudos e Projetos de Arquitetura;;108000;1;1;;;
25/2026;831;65000;Devolvida;;Projeto Ampliação e Reforma Bloco Didático I;SERVICOS;102122;45933;46113;180;OBRAS;327/2025;Alto;1;46332;Serviço;Serviços de consultoria e de gerência/gestão;;;78;Estudos e projetos de arquitetura;;65000;1;1;;;
26/2026;545;100000;Aprovada;;ARP Pequenos Serviços de Engenharia;SERVICOS;102122;45874;46051;177;OBRAS;331/2025;Médio;1;46218;Serviço;TIPOS ESPECIAIS DE SERVIÇOS DE CONSTRUÇÃO;;;;;;100000;1;1;295;102122-26/2026;100000
27/2026;833;120000;Aprovada;;Serviços Análise Estrutura Predial;SERVICOS;102122;45875;46055;180;OBRAS;117/2025;Alto;1;46054;Serviço;Serviços de engenharia;;;;;;120000;1;1;113;102122-27/2026;120000
28/2026;5530;25000;Aprovada;;ARP  Marcenaria;BENS;102122;45993;46113;120;ATA - ADMINISTRACAO;202/2025;Baixo;1;46122;Material;COMPENSADOS E FOLHEADOS;5396;COMPENSADO MADEIRA;;;;25000;1;1;158;102122-28/2026;25000
30/2026;6508;2000;Aprovada;;ARP Informática;BENS;102122;46209;46329;120;BAE - ESTOMATO. CIRU. RADIO. PATO;36/2025;Médio;1;46143;Material;Cosméticos E Artigos De Toucador De Natureza Medicinal;2238;Álcool Isopropílico;;;;2000;1;1;141;102122-30/2026;2000
30/2026;6850;13000;Aprovada;;ARP Informática;BENS;102122;46209;46329;120;BAE - ESTOMATO. CIRU. RADIO. PATO;36/2025;Médio;2;46143;Material;ESPECIALIDADES QUÍMICAS DIVERSAS;11674;RESINA;;;;13000;1;1;140;102122-30/2026;13000
30/2026;7030;2000;Aprovada;;ARP Informática;BENS;102122;46209;46329;120;BAE - ESTOMATO. CIRU. RADIO. PATO;78/2025;Médio;2;46174;Material;Equipamentos de armazenamento de dados;;;;;;2000;1;1;136;102122-30/2026;2000
30/2026;7090;1510;Aprovada;;ARP Informática;BENS;102122;46209;46329;120;CLINICA DE FONOAUDIOLOGIA;100/2025;Médio;1;46063;Material;SUPRIMENTOS DE INFORMÁTICA - TIC;;;;;;1510;1;1;139;102122-30/2026;1510
30/2026;7030;520;Aprovada;;ARP Informática;BENS;102122;46209;46329;120;CLINICA DE FONOAUDIOLOGIA;100/2025;Médio;2;46063;Material;Equipamentos de armazenamento de dados;17653;Disco rígido removível;;;;520;1;1;137;102122-30/2026;520
30/2026;5965;1231,5;Aprovada;;ARP Informática;BENS;102122;46209;46329;120;CLINICA DE FONOAUDIOLOGIA;100/2025;Médio;3;46063;Material;Fones, Microfones E Alto-Falantes;7703;Fone Ouvido;;;;1231,5;1;1;138;102122-30/2026;1231,5
30/2026;6140;1680;Aprovada;;ARP Informática;BENS;102122;46209;46329;120;CLINICA DE FONOAUDIOLOGIA;100/2025;Médio;4;46063;Material;Baterias recarregáveis;19206;Elemento de bateria chumbo-ácida;;;;1680;1;1;144;102122-30/2026;1680
30/2026;929;4000;Aprovada;;ARP Informática;BENS;102122;46209;46329;120;OBRAS;328/2025;Alto;1;46037;Serviço;Outros serviços de educação e treinamento;;;3832;Treinamento na área de engenharia;;4000;1;1;143;102122-30/2026;4000
30/2026;182;25000;Aprovada;;ARP Informática;BENS;102122;46209;46329;120;OBRAS;328/2025;Alto;2;46037;Serviço;SERVIÇOS DE  LICENCIAMENTO E  CONTRATOS DE TRANSFERÊNCIA DE TECNOLOGIA;;;27472;LICENCIAMENTO DE DIREITOS  PERMANENTES DE USO DE OUTROS SOFTWARES / PROGRAMAS DE COMPUTADOR;;25000;1;1;142;102122-30/2026;25000
38/2026;6510;1200;Aprovada;;Material médico hospitalar não padronizado;BENS;102122;46161;46281;120;MICROBIOLOGIA-IMUNOLOGIA;63/2025;Médio;1;46048;Material;MATERIAIS CIRÚRGICOS PARA CURATIVOS;30274;COMPRESSA CAMPO OPERATÓRIO;;;;1200;1;1;57;102122-38/2026;1200
38/2026;6530;9430;Aprovada;;Material médico hospitalar não padronizado;BENS;102122;46161;46281;120;CLINICA DE FONOAUDIOLOGIA;93/2025;Alto;1;46081;Material;Mobiliário, equipamentos, utensílios e  suprimentos  hospitalares;18862;Material fonoaudiologia;;;;9430;1;1;62;102122-38/2026;9430
38/2026;6530;3812;Aprovada;;Material médico hospitalar não padronizado;BENS;102122;46161;46281;120;CLINICA DE FONOAUDIOLOGIA;94/2025;Alto;1;46112;Material;Mobiliário, equipamentos, utensílios e  suprimentos  hospitalares;18862;Material fonoaudiologia;;;;3812;1;1;63;102122-38/2026;3812
38/2026;6840;3000;Aprovada;;Material médico hospitalar não padronizado;BENS;102122;46161;46281;120;CLINICA DE FONOAUDIOLOGIA;96/2025;Alto;1;46296;Material;Pesticidas e desinfetantes;2017;Ácido peracético;;;;3000;1;1;61;102122-38/2026;3000
38/2026;6695;20;Aprovada;;Material médico hospitalar não padronizado;BENS;102122;46161;46281;120;BAB - CIENCIAS BIOLÓGICAS;196/2025;Alto;5;46055;Material;INSTRUMENTOS COMBINADOS DIVERSOS;6099;AGULHA LABORATÓRIO;418509;COMPONENTES: C/ CONECTOR LUER, DIMENSÕES: 0,8 X 80, MATERIAL: AÇO INOX;UN;0,1;200;1;60;102122-38/2026;20
38/2026;6510;75;Aprovada;;Material médico hospitalar não padronizado;BENS;102122;46161;46281;120;BAB - CIENCIAS BIOLÓGICAS;196/2025;Alto;7;46055;Material;Materiais Cirúrgicos Para Curativos;19965;Curativo Cutâneo;483379;componente 1: c/ almofada fibra sintética, componente 2: base adesiva, dimensão: cerca de  10 x 15, esterilidade: uso único;UN;0,05;1500;1;59;102122-38/2026;75
38/2026;6510;400;Aprovada;;Material médico hospitalar não padronizado;BENS;102122;46161;46281;120;BAB - CIENCIAS BIOLÓGICAS;196/2025;Alto;10;46055;Material;Materiais cirúrgicos para curativos;373;Compressa Gaze;622298;adicional: 5 dobras, dimensões: cerca de 7,5 x 7,5, embalagem: embalagem individual, esterilidade*: estéril, uso único, gramatura: 13 fios/, material: 100% viscose;PCT;40;10;1;58;102122-38/2026;400
39/2026;6810;7000;Aprovada;;Material CME;BENS;102122;46205;46325;120;CME - CENTRAL MATERIAL ESTERILIZACAO;263/2025;Médio;1;46055;Material;Produtos químicos;;;;;;7000;1;1;53;102122-39/2026;7000
39/2026;6550;21500;Aprovada;;Material CME;BENS;102122;46205;46325;120;CME - CENTRAL MATERIAL ESTERILIZACAO;264/2025;Médio;1;46055;Material;"Substâncias para diagnóstico ""in vitro"",  reagentes,  conjuntos e jogos para teste";;;;;;21500;1;1;56;102122-39/2026;21500
39/2026;7240;7000;Aprovada;;Material CME;BENS;102122;46205;46325;120;CME - CENTRAL MATERIAL ESTERILIZACAO;265/2025;Médio;1;46055;Material;Recepientes para uso doméstico e comercial;;;;;;7000;1;1;54;102122-39/2026;7000
39/2026;3550;1000;Aprovada;;Material CME;BENS;102122;46205;46325;120;CME - CENTRAL MATERIAL ESTERILIZACAO;264/2025;Médio;2;46055;Material;Máquinas registradoras automáticas e máquinas acionadas  comfichas;13172;Máquina etiquetadora;;;;1000;1;1;55;102122-39/2026;1000
40/2026;6640;40000;Aprovada;;Equipamento laboratório;BENS;102122;46237;46357;120;BAE - ESTOMATO. CIRU. RADIO. PATO;46/2025;Médio;1;46143;Material;Equipamentos E Artigos De Laboratório;;;;;;40000;1;1;328;102122-40/2026;40000
40/2026;6640;4850;Aprovada;;Equipamento laboratório;BENS;102122;46237;46357;120;BAD - DENT. ENDO. MAT ODONT.;180/2025;Alto;1;46246;Material;Equipamentos E Artigos De Laboratório;;;;;;4850;1;1;329;102122-40/2026;4850
40/2026;6640;4560;Aprovada;;Equipamento laboratório;BENS;102122;46237;46357;120;Biotério;300/2025;Alto;1;46142;Material;EQUIPAMENTOS E ARTIGOS DE LABORATÓRIO;;;;;;4560;1;1;330;102122-40/2026;4560
40/2026;6640;5100;Aprovada;;Equipamento laboratório;BENS;102122;46237;46357;120;MICROBIOLOGIA-IMUNOLOGIA;66/2025;Alto;1;46048;Material;Equipamentos E Artigos De Laboratório;5787;Contador De Colônias;;;;5100;1;1;327;102122-40/2026;5100
40/2026;6640;5500;Aprovada;;Equipamento laboratório;BENS;102122;46237;46357;120;BAE - ESTOMATO. CIRU. RADIO. PATO;371/2025;Médio;1;46112;Material;EQUIPAMENTOS E ARTIGOS DE LABORATÓRIO;4663;CAPELA EXAUSTÃO;;;;5500;1;1;331;102122-40/2026;5500
42/2026;7010;200000;Devolvida;;ARP equipamentos informática;CONTRATACOES_TIC;102122;46098;46218;120;BAF - FONOAUDIOLOGIA;27/2025;Alto;1;46023;Material;COMPUTADORES;;;;;;200000;1;1;;;
42/2026;7010;200000;Devolvida;;ARP equipamentos informática;CONTRATACOES_TIC;102122;46098;46218;120;STI;295/2025;Médio;1;46055;Material;Computadores;10293;Servidor;610068;armazenamento sas: sem discos sas, armazenamento sata: com discos sata, armazenamento ssd: sem discos ssd, fonte alimentação: redundante (swap/hot plug), garantia on site: superior 48, interface rede lan: superior a 4, interface rede san: sem san, memória ram: 512, núcleos por processador: 15 a 20, processadores físicos: 2, sistema operacional: sem sistema operacional, tipo: rack;UN;200000;1;2;;;
42/2026;7010;90000;Devolvida;;ARP equipamentos informática;CONTRATACOES_TIC;102122;46098;46218;120;STI;297/2025;Médio;1;46037;Material;COMPUTADORES;6661;MICROCOMPUTADOR;620336;ARMAZENAMENTO HDD: SEM DISCO HDD, ARMAZENAMENTO SSD: ATÉ 2 TB, COMPONENTES ADICIONAIS: COM TECLADO E MOUSE, GABINETE: TORRE, GARANTIA ON SITE: 36, MEMÓRIA RAM: 32, MONITOR: SEM MONITOR, NÚCLEOS POR PROCESSADOR: SUPERIOR A 8, OUTROS RECURSOS: CONFORME EDITAL, SISTEMA OPERACIONAL: PROPRIETÁRIO;UN;10000;9;1;;;
42/2026;7010;24000;Devolvida;;ARP equipamentos informática;CONTRATACOES_TIC;102122;46098;46218;120;STI;297/2025;Médio;2;46037;Material;Computadores;6661;Microcomputador;619124;armazenamento hdd: sem disco hdd, armazenamento ssd: 310 a 500, componentes adicionais: com teclado e mouse, gabinete: ultracompacto, garantia on site: superior a 36, memória ram: 32, monitor: sem monitor, núcleos por processador: superior a 8, outros recursos: conforme edital, sistema operacional: proprietário;UN;12000;2;1;;;
43/2026;7020;5000;Devolvida;;Equipamentos Informática;CONTRATACOES_TIC;102122;45932;46052;120;BAE - ESTOMATO. CIRU. RADIO. PATO;43/2025;Médio;1;46235;Material;Impressoras;8320;Impressora 3d;;;;5000;1;1;;;
43/2026;7090;10000;Devolvida;;Equipamentos Informática;CONTRATACOES_TIC;102122;45932;46052;120;BAE - ESTOMATO. CIRU. RADIO. PATO;78/2025;Médio;1;46174;Material;Suprimentos de informática - tic;;;;;;10000;1;1;;;
43/2026;7010;5500;Devolvida;;Equipamentos Informática;CONTRATACOES_TIC;102122;45932;46052;120;ATAC - ACADEMICA;88/2025;Médio;2;46053;Material;Computadores;;;;;;5500;1;1;;;
43/2026;7010;17994;Devolvida;;Equipamentos Informática;CONTRATACOES_TIC;102122;45932;46052;120;CLINICA DE FONOAUDIOLOGIA;106/2025;Alto;1;46112;Material;Computadores;8435;Notebook;;;;17994;1;1;;;
43/2026;7060;8000;Devolvida;;Equipamentos Informática;CONTRATACOES_TIC;102122;45932;46052;120;OBRAS;328/2025;Alto;1;46037;Material;Peças e acessórios para computadores;6661;Microcomputador;451708;armazenamento hdd: 1, armazenamento ssd: 110 a 300, componentes adicionais: com teclado e mouse, garantia on site: 36, memória ram: superior a 8, monitor: 21 a 29, núcleos por processador: até 4, sistema operacional: proprietário;UN;8000;1;1;;;
43/2026;7040;20000;Devolvida;;Equipamentos Informática;CONTRATACOES_TIC;102122;45932;46052;120;BIBLIOTECA;57/2025;Médio;1;46111;Material;EQUIPAMENTOS DE ENTRADA DE DADOS;238;SCANNER;623997;APLICAÇÃO: DIGITALIZAÇÃO DE LIVROS, FORMATO: A3, INTERFACE: USB 2.0, RESOLUÇÃO ÓTICA: 300, TENSÃO ALIMENTAÇÃO: BIVOLT, TIPO: PLANETÁRIO, TIPO ALIMENTADOR PAPEL: MANUAL, VELOCIDADE DIGITALIZAÇÃO: 1,5 PPS;UN;10000;2;1;;;
60/2026;943;13000;Aprovada;;Dedetização FOB;SERVICOS;102122;46255;46377;122;ATA - ADMINISTRACAO;111/2025;Médio;1;46304;Serviço;Serviços de saneamento e serviços similares;;;3417;Desinsetização / desratização / dedetização;;13000;1;1;230;102122-60/2026;13000
2/2026;1550;8000;Devolvida;;Aquisição de drone;BENS;102122;46233;46353;120;TEC. EDUCACIONAL;339/2025;Alto;1;46129;Material;Aeronaves teleguiadas;16741;Aeronaves Teleguiadas;600919;características adicionais: câmera, controle remoto, detector obstáculos, esta, peso máximo: 570, quantidade motores: 4 motores, tamanho diagonal: 302, tipo: aeronave remotamente pilotada (drone);UN;8000;1;1;;;
3/2026;7510;500;Aprovada;;Aquisição de materiais de papelaria;BENS;102122;46205;46325;120;BAE - ESTOMATO. CIRU. RADIO. PATO;26/2025;Médio;2;46174;Material;Artigos para escritório;;;;;;500;1;1;228;102122-3/2026;500
3/2026;7510;150000;Aprovada;;Aquisição de materiais de papelaria;BENS;102122;46205;46325;120;ALMOXARIFADO;175/2025;Médio;1;46054;Material;ARTIGOS PARA ESCRITÓRIO;;;;;;150000;1;1;288;102122-3/2026;150000
3/2026;3610;15000;Aprovada;;Aquisição de materiais de papelaria;BENS;102122;46205;46325;120;ATA - ADMINISTRACAO;335/2025;Médio;1;46080;Material;Equipamento para impressão, duplicação e encadernação;;;;;;15000;1;1;229;102122-3/2026;15000
4/2026;4610;1600;Aprovada;;Eletrodomésticos;BENS;102122;46034;46142;108;BAE - ESTOMATO. CIRU. RADIO. PATO;26/2025;Médio;1;46174;Material;EQUIPAMENTOS PARA PURIFICAÇÃO DE ÁGUA;;;;;;1600;1;1;321;102122-4/2026;1600
4/2026;4110;3362,95;Aprovada;;Eletrodomésticos;BENS;102122;46034;46142;108;Biotério;118/2025;Alto;1;46142;Material;Equipamento para refrigeração;783;Freezer;609362;capacidade: 470, características adicionais: rodízios fibra, cor: branca, quantidade tampas: 2, temperatura operação: de 0 a -25, tensão alimentação: 110, tipo: horizontal;UN;3362,95;1;1;322;102122-4/2026;3362,95
4/2026;4610;899,9;Aprovada;;Eletrodomésticos;BENS;102122;46034;46142;108;Biotério;146/2025;Alto;1;46142;Material;Equipamentos para purificação de água;;;;;;899,9;1;1;317;102122-4/2026;899,9
4/2026;7310;400;Aprovada;;Eletrodomésticos;BENS;102122;46034;46142;108;BAD - DENT. ENDO. MAT ODONT.;181/2025;Médio;1;46034;Material;Equipamentos para cozinhar, assar e servir alimentos;;;;;;400;1;1;325;102122-4/2026;400
4/2026;4610;590;Aprovada;;Eletrodomésticos;BENS;102122;46034;46142;108;BAD - DENT. ENDO. MAT ODONT.;188/2025;Alto;1;46024;Material;Equipamentos para purificação de água;;;;;;590;1;1;318;102122-4/2026;590
4/2026;7310;569;Aprovada;;Eletrodomésticos;BENS;102122;46034;46142;108;Biotério;249/2025;Alto;1;46142;Material;Equipamentos Para Cozinhar, Assar E Servir Alimentos;1045;Forno Microondas;;;;569;1;1;319;102122-4/2026;569
4/2026;4110;3000;Aprovada;;Eletrodomésticos;BENS;102122;46034;46142;108;TRIAGEM - URGENCIA;259/2025;Alto;1;46063;Material;EQUIPAMENTO PARA REFRIGERAÇÃO;13629;REFRIGERADOR DOMÉSTICO;624264;CAPACIDADE: 370, CARACTERÍSTICAS ADICIONAIS: PRATELEIRAS DE VIDRO REMOVÍVEL E REGULÁVEL, COR: BRANCA, TIPO: FROST FREE DUAS PORTAS, VOLTAGEM: 110;UN;3000;1;1;326;102122-4/2026;3000
4/2026;7310;1000;Aprovada;;Eletrodomésticos;BENS;102122;46034;46142;108;ATA - ADMINISTRACAO;255/2025;Médio;1;46091;Material;Equipamentos para cozinhar, assar e servir alimentos;;;;;;1000;1;1;320;102122-4/2026;1000
4/2026;4130;4772,82;Aprovada;;Eletrodomésticos;BENS;102122;46034;46142;108;Biotério;116/2025;Alto;1;46142;Material;COMPONENTES DE EQUIPAMENTOS PARA REFRIGERAÇÃO E AR  CONDICIONADO;13144;UMIDIFICADOR E PURIFICADOR AMBIENTE;392123;CAPACIDADE: 6, CARACTERÍSTICAS ADICIONAIS: TIMER PROGRAMA 7 HS/PAINEL DIGITAL/ALARME SONORO T, MATERIAL: PLÁSTICO, TIPO: ULTRASÔNICO E IONIZADOR, VOLTAGEM: 110/220;UN;2386,41;2;1;323;102122-4/2026;4772,82
4/2026;4440;4772,82;Aprovada;;Eletrodomésticos;BENS;102122;46034;46142;108;Biotério;250/2025;Alto;1;46142;Material;Secadores, Desidratadores E Anti-Hidratadores;6123;Desumidificador;602163;aplicação: desumidificação ambiental, capacidade: 18 litros p/dia, características adicionais: com rodizios, para ambientes de ate 300m³, voltagem: 220;UN;2386,41;2;1;324;102122-4/2026;4772,82
8/2026;871;56000;Aprovada;;Reposição Peças Autoclave;BENS;102122;45960;46080;120;ATF - FINANCEIRO;161/2025;Médio;1;46185;Serviço;Serviços De Manutenção E Reparo De Produtos Fabricados De Metal,Maquinaria E Equipamentos;;;;;;56000;1;1;218;102122-8/2026;56000
8/2026;4230;235000;Aprovada;;Reposição Peças Autoclave;BENS;102122;45960;46080;120;ATF - FINANCEIRO;173/2025;Médio;1;46213;Material;Equipamento  Para Descontaminação E Impregnação;;;;;;235000;1;1;219;102122-8/2026;235000
11/2026;6145;45000;Aprovada;;Material elétrico;BENS;102122;46203;46323;120;ATA - ADMINISTRACAO;172/2025;Médio;1;46069;Material;FIOS E CABOS ELÉTRICOS;;;;;;45000;1;1;124;102122-11/2026;45000
11/2026;9390;45000;Aprovada;;Material elétrico;BENS;102122;46203;46323;120;ATA - ADMINISTRACAO;172/2025;Médio;2;46069;Material;PRODUTOS DIVERSOS NÃO METÁLICOS;;;;;;45000;1;1;123;102122-11/2026;45000
11/2026;6240;20000;Aprovada;;Material elétrico;BENS;102122;46203;46323;120;ATA - ADMINISTRACAO;172/2025;Médio;3;46069;Material;Lâmpadas elétricas;;;;;;20000;1;1;125;102122-11/2026;20000
12/2026;6520;200000;Aprovada;;Peças Manutenção de Clínicas ;BENS;102122;46175;46295;120;ATA - ADMINISTRACAO;158/2025;Alto;1;46073;Material;Instrumentos, equipamentos e suprimentos dentários;;;;;;200000;1;1;122;102122-12/2026;200000
18/2026;6520;920000;Aprovada;;Material Odontológico Almox ;BENS;102122;46083;46203;120;ALMOXARIFADO;171/2025;Médio;1;46203;Material;INSTRUMENTOS, EQUIPAMENTOS E SUPRIMENTOS DENTÁRIOS;;;;;;920000;1;1;306;102122-18/2026;920000
19/2026;7240;12000;Aprovada;;Higiene e limpeza Almox;BENS;102122;45915;46034;119;ATA - ADMINISTRACAO;167/2025;Médio;1;46101;Material;Recepientes para uso doméstico e comercial;;;;;;12000;1;1;166;102122-19/2026;12000
19/2026;8520;6200;Aprovada;;Higiene e limpeza Almox;BENS;102122;45915;46034;119;ALMOXARIFADO;177/2025;Médio;1;46032;Material;SABONETES, ARTIGOS PARA BARBEAR E DENTIFRÍCIOS;;;;;;6200;1;1;300;102122-19/2026;6200
19/2026;8540;131000;Aprovada;;Higiene e limpeza Almox;BENS;102122;45915;46034;119;ALMOXARIFADO;177/2025;Médio;2;46032;Material;ARTIGOS DE PAPEL PARA HIGIENE;;;;;;131000;1;1;298;102122-19/2026;131000
19/2026;6810;19000;Aprovada;;Higiene e limpeza Almox;BENS;102122;45915;46034;119;ALMOXARIFADO;177/2025;Médio;3;46032;Material;PRODUTOS QUÍMICOS;;;;;;19000;1;1;301;102122-19/2026;19000
19/2026;6840;5800;Aprovada;;Higiene e limpeza Almox;BENS;102122;45915;46034;119;ALMOXARIFADO;177/2025;Médio;4;46032;Material;PESTICIDAS E DESINFETANTES;;;;;;5800;1;1;302;102122-19/2026;5800
19/2026;7920;20000;Aprovada;;Higiene e limpeza Almox;BENS;102122;45915;46034;119;ALMOXARIFADO;177/2025;Médio;5;46032;Material;VASSOURAS, ESCOVAS, RODOS, ESPONJAS E ESFREGÕES;;;;;;20000;1;1;303;102122-19/2026;20000
19/2026;8105;8500;Aprovada;;Higiene e limpeza Almox;BENS;102122;45915;46034;119;ALMOXARIFADO;177/2025;Médio;6;46032;Material;SACOS E BOLSAS;;;;;;8500;1;1;296;102122-19/2026;8500
19/2026;7350;18500;Aprovada;;Higiene e limpeza Almox;BENS;102122;45915;46034;119;ALMOXARIFADO;177/2025;Médio;7;46032;Material;LOUÇA E ARTIGOS DE MESA;;;;;;18500;1;1;304;102122-19/2026;18500
19/2026;8135;3000;Aprovada;;Higiene e limpeza Almox;BENS;102122;45915;46034;119;ALMOXARIFADO;177/2025;Médio;8;46032;Material;MATERIAIS A GRANEL PARA ACONDICIONAMENTO E EMBALAGEM;;;;;;3000;1;1;299;102122-19/2026;3000
19/2026;8135;5000;Aprovada;;Higiene e limpeza Almox;BENS;102122;45915;46034;119;ALMOXARIFADO;177/2025;Médio;9;46032;Material;MATERIAIS A GRANEL PARA ACONDICIONAMENTO E EMBALAGEM;;;;;;5000;1;1;297;102122-19/2026;5000
19/2026;7330;6800;Aprovada;;Higiene e limpeza Almox;BENS;102122;45915;46034;119;ALMOXARIFADO;177/2025;Médio;10;46032;Material;UTENSÍLIOS E FERRAMENTAS MANUAIS DE COZINHA;;;;;;6800;1;1;305;102122-19/2026;6800
64/2026;166;168000;Aprovada;;Manutenção equipamentos laboratório edital Profa Adriana Calvo;SERVICOS;102122;45964;46083;119;BAB - CIENCIAS BIOLÓGICAS;368/2025;Baixo;1;46082;Serviço;Serviços de manutenção e instalação de equipamentos de tic;;;;;;168000;1;1;270;102122-64/2026;168000
22/2026;545;700000;Aprovada;;Reforma cobertura do CPC;SERVICOS;102122;45903;46083;180;OBRAS;275/2025;Médio;1;46082;Serviço;Tipos especiais de serviços de construção;;;19224;Construção / manutenção / reforma - telhado;;700000;1;1;118;102122-22/2026;700000
32/2026;6515;2876000;Aprovada;;ARP AASI;BENS;102122;46083;46203;120;CLINICA DE FONOAUDIOLOGIA;34/2025;Médio;1;46073;Material;Instrumentos, equipamentos e suprimentos médicos  e  cirúrgicos;30296;Aparelho de amplificação sonora individual - aasi;;;;2876000;1;1;111;102122-32/2026;2876000
32/2026;6135;12960;Aprovada;;ARP AASI;BENS;102122;46083;46203;120;CLINICA DE FONOAUDIOLOGIA;91/2025;Médio;1;46084;Material;Baterias Nao Recarregáveis;3479;Bateria Não Recarregável;627243;aplicação: aparelho auditivo aasi, características adicionais: c/ compatibilidade específica, sistema eletroquímico: zinco-ar, tensão nominal: 1,4;EMB;18;720;1;110;102122-32/2026;12960
67/2026;6640;850000;Aprovada;;Projeto: fNIRS para Investigações em Neurociência Aplicada à Comunicação, Desenvolvimento e Envelhec;BENS;102122;45978;46160;182;BAF - FONOAUDIOLOGIA;378/2025;Médio;1;46111;Material;Equipamentos e artigos de laboratório;1855;Espectrômetro;;;;850000;1;1;307;102122-67/2026;850000
80/2026;5836;35000;Aprovada;;Pregão audiovisual;BENS;102122;46051;46171;120;ATAC - ACADEMICA;13/2026;Médio;1;46172;Material;Equipamentos para gravação e reprodução de vídeo;;;;;;35000;1;1;380;102122-80/2026;35000
81/2026;6350;192000;Aprovada;;Sistema de monitoramento e controle;BENS;102122;46051;46171;120;ATA - ADMINISTRACAO;16/2026;Médio;1;46203;Material;Sistemas Diversos De Sinalização, Alarme E Detecção Para  Segurança;;;;;;192000;1;1;379;102122-81/2026;192000
82/2026;6530;160000;Aprovada;;Mobiliário em inox;BENS;102122;46147;46265;118;BAB - CIENCIAS BIOLÓGICAS;7/2026;Médio;1;46233;Material;Mobiliário, equipamentos, utensílios e  suprimentos  hospitalares;;;;;;160000;1;1;378;102122-82/2026;160000
83/2026;6630;26000;Aprovada;;Colunas para espectrômetro de massa;BENS;102122;46052;46111;59;BAB - CIENCIAS BIOLÓGICAS;18/2026;Médio;1;46111;Material;Instrumentos Para Análises Químicas;1855;Espectrômetro;604357;características adicionais: controle de chamas programável e ajuste automático, componentes: torre para 8 lâmpadas, queimador de gás acetileno, modelo: com duplo feixe real e emissão de chama, tipo: absorção atômica de chama;UN;26000;1;1;377;102122-83/2026;26000
84/2026;6910;144000;Aprovada;;manequins raio x;BENS;102122;46146;46265;119;BAE - ESTOMATO. CIRU. RADIO. PATO;4/2026;Médio;1;46264;Material;Acessórios para treinamento;9837;Modelo anatômico para fins didáticos;;;;144000;1;1;376;102122-84/2026;144000
85/2026;7080;40000;Aprovada;;suprimentos para rede de informática;BENS;102122;46083;46203;120;STI;8/2026;Médio;1;46203;Material;Peças, acessórios e ferramentas para redes de tic;;;;;;40000;1;1;375;102122-85/2026;40000
86/2026;7610;16000;Aprovada;;Aquisição de livros didáticos;BENS;102122;46051;46171;120;BIBLIOTECA;11/2026;Médio;1;46172;Material;LIVROS E FOLHETOS;19783;LIVRO DIDÁTICO;;;;16000;1;1;374;102122-86/2026;16000
87/2026;661;300000;Aprovada;;Serviços de emissão de passagens aéreas;SERVICOS;102122;46051;46111;60;ATF - FINANCEIRO;2/2026;Médio;1;46111;Serviço;Serviços De Transporte Aéreo De Passageiros;;;;;;300000;1;1;373;102122-87/2026;300000
88/2026;732;28000;Aprovada;;serviços de locação de máquinas de café;SERVICOS;102122;46237;46357;120;ATA - ADMINISTRACAO;17/2026;Médio;1;46357;Serviço;Serviços de leasing ou aluguel relacionados a outros bens;;;20648;Locação máquinas automáticas e semi-automáticas (café, chá, algodão-doce, e outras);;28000;1;1;367;102122-88/2026;28000
89/2026;833;47000;Aprovada;Fase Externa;projeto reforma e ampliação do CPC;SERVICOS;102122;46083;46085;2;Engenharia;3/2026;Médio;1;46203;Serviço;Serviços de engenharia;;;22225;Serviço engenharia;;47000;1;1;366;102122-89/2026;47000
90/2026;853;60000;Aprovada;;serviços de lavanderia;SERVICOS;102122;46051;46171;120;ATA - ADMINISTRACAO;14/2026;Baixo;1;46172;Serviço;Serviços de limpeza;;;19542;Prestação de serviços de lavanderia;;60000;1;1;365;102122-90/2026;60000
91/2026;6515;94000;Aprovada;;equipamentos fono 2025;BENS;102122;46051;46171;120;CLINICA DE FONOAUDIOLOGIA;1/2026;Médio;1;46172;Material;Instrumentos, Equipamentos E Suprimentos Médicos  E  Cirúrgicos;1204;Audiômetro;;;;94000;1;1;372;102122-91/2026;94000
91/2026;6530;67000;Aprovada;;equipamentos fono 2025;BENS;102122;46051;46171;120;CLINICA DE FONOAUDIOLOGIA;1/2026;Médio;2;46172;Material;Mobiliário, Equipamentos, Utensílios E  Suprimentos  Hospitalares;6807;Equipamento Para Teste Emissão Otoacústica;;;;67000;1;1;370;102122-91/2026;67000
91/2026;6530;20000;Aprovada;;equipamentos fono 2025;BENS;102122;46051;46171;120;CLINICA DE FONOAUDIOLOGIA;1/2026;Médio;3;46172;Material;Mobiliário, Equipamentos, Utensílios E  Suprimentos  Hospitalares;6807;Equipamento Para Teste Emissão Otoacústica;;;;20000;1;1;371;102122-91/2026;20000
92/2026;7110;100000;Aprovada;;mobiliário específico CUIDAR e CEPAR;BENS;102122;46051;46171;120;CEPAR;10/2026;Médio;1;46142;Material;Mobiliário Para Escritório;;;;;;100000;1;1;368;102122-92/2026;100000
92/2026;7110;30000;Aprovada;;mobiliário específico CUIDAR e CEPAR;BENS;102122;46051;46171;120;CUIDAR;20/2026;Baixo;1;46172;Material;Mobiliário para escritório;;;;;;30000;1;1;369;102122-92/2026;30000
93/2026;6640;6000;Aprovada;;ultrassom e laser odontológico;BENS;102122;46175;46265;90;CPC;5/2026;Médio;1;46264;Material;Equipamentos e artigos de laboratório;;;;;;6000;1;1;383;102122-93/2026;6000
93/2026;6520;10000;Aprovada;;ultrassom e laser odontológico;BENS;102122;46175;46265;90;CPC;12/2026;Médio;1;46172;Material;Instrumentos, equipamentos e suprimentos dentários;;;;;;10000;1;1;382;102122-93/2026;10000
94/2026;4310;3000;Aprovada;;compressor para secagem de instrumentais;BENS;102122;46146;46237;91;CLINICA DE FONOAUDIOLOGIA;6/2026;Médio;1;46264;Material;Bombas e compressores a vácuo;;;;;;3000;1;1;381;102122-94/2026;3000
69/2026;872;35000;Aprovada;;Reforma e adequação das Salas de Diagnóstico Audiológico da Clínica de Fonoaudiologia;SERVICOS;102122;46084;46204;120;OBRAS;379/2025;Médio;1;46266;Serviço;Serviços de reparo de outros bens;;;;;;35000;1;1;315;102122-69/2026;35000
69/2026;872;280000;Aprovada;;Reforma e adequação das Salas de Diagnóstico Audiológico da Clínica de Fonoaudiologia;SERVICOS;102122;46084;46204;120;OBRAS;380/2025;Médio;1;46204;Serviço;Serviços de reparo de outros bens;;;;;;280000;1;1;314;102122-69/2026;280000
72/2026;833;4800000;Devolvida;;Reforma CIP I;SERVICOS;102122;46149;46329;180;OBRAS;382/2025;Médio;1;46082;Serviço;SERVIÇOS DE ENGENHARIA;;;;;;4800000;1;1;;;
70/2026;7010;10000;Aprovada;;Fluxo digital BAD;BENS;102122;45993;46113;120;BAD - DENT. ENDO. MAT ODONT.;375/2025;Alto;1;46101;Material;COMPUTADORES;19246;TABLET;;;;10000;1;1;312;102122-70/2026;10000
70/2026;7040;220000;Aprovada;;Fluxo digital BAD;BENS;102122;45993;46113;120;BAD - DENT. ENDO. MAT ODONT.;376/2025;Alto;1;46113;Material;Equipamentos de entrada de dados;;;;;;220000;1;1;313;102122-70/2026;220000
70/2026;7020;30000;Aprovada;;Fluxo digital BAD;BENS;102122;45993;46113;120;BAD - DENT. ENDO. MAT ODONT.;377/2025;Alto;1;46143;Material;Impressoras;8320;Impressora 3d;;;;30000;1;1;311;102122-70/2026;30000
71/2026;5450;22820,98;Aprovada;;Confecção e instalação da identidade visual do novo prédio do CEPAR (painéis luminosos dentro dos pa;SERVICOS;102122;46022;46142;120;CLINICA DE FONOAUDIOLOGIA;369/2025;Alto;1;46054;Material;Estruturas pré-fabricadas diversas;;;;;;22820,98;1;1;309;102122-71/2026;22820,98
71/2026;6675;25079,02;Aprovada;;Confecção e instalação da identidade visual do novo prédio do CEPAR (painéis luminosos dentro dos pa;SERVICOS;102122;46022;46142;120;CLINICA DE FONOAUDIOLOGIA;369/2025;Alto;2;46054;Material;Instrumentos de desenho, topografia e cartografia;;;;;;25079,02;1;1;310;102122-71/2026;25079,02
68/2026;839;85000;Aprovada;;Projeto Executivo pequenas obras áreas diversas;SERVICOS;102122;45992;46111;119;OBRAS;381/2025;Médio;1;46082;Serviço;OUTROS SERVIÇOS DE NEGÓCIOS, TÉCNICOS E PROFISSIONAIS;;;;;;85000;1;1;316;102122-68/2026;85000
29/2026;7730;2300;Aprovada;;áudio visual;BENS;102122;45964;46083;119;ATAC - ACADEMICA;88/2025;Médio;1;46053;Material;Fonógrafos, Rádios E Televisores De Tipo Doméstico;;;;;;2300;1;1;355;102122-29/2026;2300
29/2026;5965;13000;Aprovada;;áudio visual;BENS;102122;45964;46083;119;ATAC - ACADEMICA;144/2025;Alto;1;46053;Material;FONES, MICROFONES E ALTO-FALANTES;;;;;;13000;1;1;362;102122-29/2026;13000
29/2026;5835;2958;Aprovada;;áudio visual;BENS;102122;45964;46083;119;ATAC - ACADEMICA;197/2025;Alto;1;46053;Material;Equipamentos para gravação e reprodução de som;;;;;;2958;1;1;356;102122-29/2026;2958
29/2026;5965;8000;Aprovada;;áudio visual;BENS;102122;45964;46083;119;BAF - FONOAUDIOLOGIA;225/2025;Alto;1;46054;Material;FONES, MICROFONES E ALTO-FALANTES;;;;;;8000;1;1;364;102122-29/2026;8000
29/2026;6710;7000;Aprovada;;áudio visual;BENS;102122;45964;46083;119;BAF - FONOAUDIOLOGIA;228/2025;Alto;1;46054;Material;Câmaras Cinematográficas;1024;Filmadora/Monitor Portátil;;;;7000;1;1;333;102122-29/2026;7000
29/2026;7730;7500;Aprovada;;áudio visual;BENS;102122;45964;46083;119;BAP - Prótese e Periodontia;321/2025;Alto;1;46053;Material;Fonógrafos, Rádios E Televisores De Tipo Doméstico;12609;Televisor;460902;acessórios: controle remoto, características adicionais: smart tv, 4 k, wifi. entradas hdmi/usb, conversor, tamanho tela: 85, tipo tela: led, voltagem: 110/220;UN;7500;1;1;357;102122-29/2026;7500
29/2026;6720;17000;Aprovada;;áudio visual;BENS;102122;45964;46083;119;TEC. EDUCACIONAL;276/2025;Alto;1;46112;Material;Câmaras fotográficas;14570;Câmera Fotográfica Digital;615180;"acessórios: alça de prescoço, carregador de bateria, características adicionais: entrada de fone externo, wi-fi, bluetooth, formato gravação imagem: 4k, sensor imagem: aps-c de 24,1 megapixels, dual pixel cmos af, tipo efeitos visuais: ótico com um sistema af de 9 pontos, tipo foco: autofoco, tipo visor: lcd articulável de 3.0 touch screen, tipo zoom: optico:3x""";UN;17000;1;1;361;102122-29/2026;17000
29/2026;6720;8000;Aprovada;;áudio visual;BENS;102122;45964;46083;119;TEC. EDUCACIONAL;276/2025;Alto;2;46112;Material;Câmaras fotográficas;8788;Lente Para Câmera Fotográfica;624442;abertura máxima: f6,3, distância focal: 70 - 200 mm, distância m´ínima foco: 16 cm, distância mínima foco: 16 cm, taxa ampliação: 0,24 x, tipo: 150 - 600 mm, tipo de foco: autofoco, tipo lente: zoom;UN;8000;1;1;360;102122-29/2026;8000
29/2026;5965;3000;Aprovada;;áudio visual;BENS;102122;45964;46083;119;TEC. EDUCACIONAL;340/2025;Alto;1;46122;Material;FONES, MICROFONES E ALTO-FALANTES;9732;MICROFONE;469422;ALCANCE: 50, ALIMENTAÇÃO: PILHA, APLICAÇÃO: AUDITÓRIO, RESPOSTA FREQÜÊNCIA: 60HZ - 18, TIPO: SEM FIO;UN;600;5;1;344;102122-29/2026;3000
29/2026;6760;480;Aprovada;;áudio visual;BENS;102122;45964;46083;119;TEC. EDUCACIONAL;341/2025;Alto;1;46052;Material;Equipamento fotográfico e acessórios;9594;Memória Em Cartão Magnético;473093;aplicação: armazenamento de dados, capacidade memória: 32, características adicionais: classe 10, tipo cartao: micro sd;UN;160;3;1;342;102122-29/2026;480
29/2026;6760;540;Aprovada;;áudio visual;BENS;102122;45964;46083;119;TEC. EDUCACIONAL;341/2025;Alto;2;46052;Material;Equipamento fotográfico e acessórios;9594;Memória Em Cartão Magnético;477785;aplicação: armazenamento de dados, capacidade memória: 128, características adicionais: velocidade de leitura 170 mb/s, tipo cartao: sdxc;UN;180;3;1;343;102122-29/2026;540
29/2026;6760;3600;Aprovada;;áudio visual;BENS;102122;45964;46083;119;TEC. EDUCACIONAL;343/2025;Alto;1;46080;Material;Equipamento Fotográfico E Acessórios;979;Tripé;615904;altura máxima: 156,50, aplicação: câmara fotográfica ou filmadora, capacidade: 5, características adicionais: com placa de câmera deslizante com dois pinos, material: alumínio, tipo: fixo, tipo cabeça: bola de 60 mm;UN;1200;3;1;363;102122-29/2026;3600
29/2026;6760;2998;Aprovada;;áudio visual;BENS;102122;45964;46083;119;TEC. EDUCACIONAL;346/2025;Médio;1;46146;Material;EQUIPAMENTO FOTOGRÁFICO E ACESSÓRIOS;7635;FLASH;487701;COMPATIBILIDADE EQUIPAMENTO: CÂMERA DIGITAL CANON, DIMENSÕES: 78 X 143,2 X 122,7, TIPO: SPEEDLITE 600 EX, TIPO ALIMENTAÇÃO: PILHA;UN;1499;2;1;358;102122-29/2026;2998
29/2026;5835;528,24;Aprovada;;áudio visual;BENS;102122;45964;46083;119;ATAC - ACADEMICA;374/2025;Alto;1;46053;Material;Equipamentos para gravação e reprodução de som;;;;;;528,24;1;1;359;102122-29/2026;528,24
73/2026;833;382500;Aprovada;;Expansão da Casa da Afasia;SERVICOS;102122;46055;46233;178;OBRAS;384/2025;Baixo;1;46233;Serviço;SERVIÇOS DE ENGENHARIA;;;;;;382500;1;1;350;102122-73/2026;382500
74/2026;833;1182000;Devolvida;;Reforma da rede de informática da Clínica de Fonoaudiologia;SERVICOS;102122;46090;46209;119;OBRAS;383/2025;Médio;1;46209;Serviço;SERVIÇOS DE ENGENHARIA;;;;;;1182000;1;1;;;
77/2026;872;150000;Aprovada;;Reforma do anfiteatro da Odontopediatria;SERVICOS;102122;46052;46233;181;OBRAS;389/2025;Médio;1;46234;Serviço;Serviços de reparo de outros bens;;;;;;150000;1;1;354;102122-77/2026;150000
78/2026;6730;1500;Aprovada;;Substituição da tela de projeção da Sala da Congregação.;BENS;102122;45964;46083;119;ATAC - ACADEMICA;388/2025;Alto;1;46053;Material;Equipamento Para Projeção Fotográfica;;;;;;1500;1;1;353;102122-78/2026;1500
75/2026;831;384000;Aprovada;;Projeto Executivo de Ampliação do Bloco Didático I;SERVICOS;102122;45992;46111;119;OBRAS;387/2025;Alto;1;46082;Serviço;Serviços de consultoria e de gerência/gestão;;;;;;384000;1;1;352;102122-75/2026;384000
76/2026;541;7680000;Devolvida;;Obras de Ampliação do Bloco Didático I;SERVICOS;102122;46153;46332;179;OBRAS;386/2025;Médio;1;46332;Serviço;Serviços gerais de construção dos edifícios;;;4545;Obras civis de edificações residenciais e comerciais;;7680000;1;1;;;
