Número da contratação,Status da contratação,Situação da Execução,Título da contratação,Categoria da contratação,UASG Atual,Data estimada para o início do processo de contratação,Data estimada para a conclusão do processo de contratação,Prazo estimado de duração do processo de contratação (dias),Área requisitante,Nº DFD,Prioridade,Nº do Item no DFD,Data da conclusão da Contratação no DFD,Classificação da Contratação,Código Classe/Grupo,Nome Classe/Grupo,Código PDM material,Nome do PDM material,Código material/serviço,Descrição material/serviço,Unidade Fornecimento,Valor Unitário,Quantidade,Valor Total,Valor Total Contratação,ID
31/2026,Reprovada,,Edital PRPI profa Katia Alvarenga,BENS,102122,45922,46101,179,BAF - FONOAUDIOLOGIA,215/2025,Alto,1,46023,Material,6515,"Instrumentos, equipamentos e suprimentos médicos  e  cirúrgicos",30160.0,Equipamento de ressonância magnética,,,,1000000.0,1,1000000.0,1000000.0,
34/2026,Aprovada,,Equipamentos Odontológicos,BENS,102122,46132,46251,119,BAO - ODONTOP. ORTO. S COLETIVA,50/2025,Médio,1,46172,Material,6640,EQUIPAMENTOS E ARTIGOS DE LABORATÓRIO,,,,,,16700.0,1,16700.0,39592.0,392.0
34/2026,Aprovada,,Equipamentos Odontológicos,BENS,102122,46132,46251,119,BAD - DENT. ENDO. MAT ODONT.,153/2025,Alto,1,46114,Material,6520,"INSTRUMENTOS, EQUIPAMENTOS E SUPRIMENTOS DENTÁRIOS",,,,,,3492.0,1,3492.0,39592.0,392.0
34/2026,Aprovada,,Equipamentos Odontológicos,BENS,102122,46132,46251,119,BAD - DENT. ENDO. MAT ODONT.,153/2025,Alto,2,46114,Material,6525,"EQUIPAMENTOS E SUPRIMENTOS DE RAIOS-X DE USO  MÉDICO,  DENTÁRIO E VETERINÁRIO",,,,,,1400.0,1,1400.0,39592.0,392.0
34/2026,Aprovada,,Equipamentos Odontológicos,BENS,102122,46132,46251,119,UBAS,323/2025,Baixo,1,46129,Material,6520,"Instrumentos, equipamentos e suprimentos dentários",,,,,,18000.0,1,18000.0,39592.0,392.0
33/2026,Aprovada,,ARP Clinica de Fono,BENS,102122,46055,46175,120,CLINICA DE FONOAUDIOLOGIA,89/2025,Médio,1,46073,Material,6515,"Instrumentos, equipamentos e suprimentos médicos  e  cirúrgicos",17976.0,Medidor Uso Médico,382994.0,"características adicionais: fx teste 40 a 90dbnps com fx freq. 100 a 1000hz, frequência de resposta: tom contínuo 200 a 8000, tipo: ganho de inserção, mensuração in situ, tipo medição: análise ap. auditivo,reur,rear,reor,reir,recd,cgr",UN,18.0,5000,90000.0,262689.0,102.0
33/2026,Aprovada,,ARP Clinica de Fono,BENS,102122,46055,46175,120,CLINICA DE FONOAUDIOLOGIA,89/2025,Médio,2,46073,Material,6515,"Instrumentos, equipamentos e suprimentos médicos  e  cirúrgicos",19697.0,Tubo Hospitalar,473660.0,"comprimento: 10 cm, diâmetro interno: 0,03 mm, material: silicone transparente, uso: molde p/ aparelho retro auricular",UN,8.0,5000,40000.0,262689.0,102.0
33/2026,Aprovada,,ARP Clinica de Fono,BENS,102122,46055,46175,120,CLINICA DE FONOAUDIOLOGIA,92/2025,Alto,1,46173,Material,6515,"Instrumentos, equipamentos e suprimentos médicos  e  cirúrgicos",,,,,,58731.0,1,58731.0,262689.0,102.0
33/2026,Aprovada,,ARP Clinica de Fono,BENS,102122,46055,46175,120,CLINICA DE FONOAUDIOLOGIA,95/2025,Alto,1,46081,Material,6640,EQUIPAMENTOS E ARTIGOS DE LABORATÓRIO,2319.0,ELETRODO LABORATÓRIO,,,,16462.0,1,16462.0,262689.0,102.0
33/2026,Aprovada,,ARP Clinica de Fono,BENS,102122,46055,46175,120,CLINICA DE FONOAUDIOLOGIA,95/2025,Alto,2,46081,Material,6640,EQUIPAMENTOS E ARTIGOS DE LABORATÓRIO,3758.0,PEÇA EQUIPAMENTO DIAGNÓSTICO CLÍNICO,,,,9850.0,1,9850.0,262689.0,102.0
33/2026,Aprovada,,ARP Clinica de Fono,BENS,102122,46055,46175,120,CLINICA DE FONOAUDIOLOGIA,95/2025,Alto,3,46081,Material,6530,"MOBILIÁRIO, EQUIPAMENTOS, UTENSÍLIOS E  SUPRIMENTOS  HOSPITALARES",6807.0,EQUIPAMENTO PARA TESTE EMISSÃO OTOACÚSTICA,421487.0,"ACESSÓRIOS: SOFTWARE COLETA/ANÁLISE DADOS, ADICIONAIS: PASTA ABRASIVA E CONDUTIVA, OLIVAS E ELETRODOS, COMPOSIÇÃO: MINI IMPRESSORA TERMO SENSÍVEL, MÓDULO: BERA, PEATE, DPOAE, TEOAE, OUTROS COMPONENTES: FONE INSERÇÃO, 1 PRÉ-AMPLIFICADOR, TENSÃO ALIMENTAÇÃO: 110/220, TIPO: PORTÁTIL, MODULO TRIAGEM",UN,209.0,19,3971.0,262689.0,102.0
33/2026,Aprovada,,ARP Clinica de Fono,BENS,102122,46055,46175,120,CLINICA DE FONOAUDIOLOGIA,95/2025,Alto,4,46081,Material,6532,Vestuário hospitalar e cirúrgico e itens correlatos de  finalidades especiais,8774.0,Lençol descartável uso hospitalar,,,,250.0,1,250.0,262689.0,102.0
33/2026,Aprovada,,ARP Clinica de Fono,BENS,102122,46055,46175,120,CLINICA DE FONOAUDIOLOGIA,231/2025,Baixo,1,46094,Material,6515,"Instrumentos, equipamentos e suprimentos médicos  e  cirúrgicos",,,,,,43425.0,1,43425.0,262689.0,102.0
35/2026,Aprovada,,ARP Consumíveis laboratório,BENS,102122,46237,46356,119,BAE - ESTOMATO. CIRU. RADIO. PATO,25/2025,Médio,1,46083,Material,6810,PRODUTOS QUÍMICOS,,,,,,20000.0,1,20000.0,169379.0,69.0
35/2026,Aprovada,,ARP Consumíveis laboratório,BENS,102122,46237,46356,119,BAE - ESTOMATO. CIRU. RADIO. PATO,25/2025,Médio,2,46083,Material,6550,"Substâncias Para Diagnóstico ""In Vitro"",  Reagentes,  Conjuntos E Jogos Para Teste",,,,,,5000.0,1,5000.0,169379.0,69.0
35/2026,Aprovada,,ARP Consumíveis laboratório,BENS,102122,46237,46356,119,MICROBIOLOGIA-IMUNOLOGIA,53/2025,Alto,1,46034,Material,6505,DROGAS E MEDICAMENTOS,,,,,,5100.0,1,5100.0,169379.0,69.0
35/2026,Aprovada,,ARP Consumíveis laboratório,BENS,102122,46237,46356,119,MICROBIOLOGIA-IMUNOLOGIA,58/2025,Alto,1,46034,Material,6810,PRODUTOS QUÍMICOS,19042.0,MEIO DE CULTURA.,,,,10500.0,1,10500.0,169379.0,69.0
35/2026,Aprovada,,ARP Consumíveis laboratório,BENS,102122,46237,46356,119,MICROBIOLOGIA-IMUNOLOGIA,210/2025,Médio,1,46069,Material,6640,Equipamentos e artigos de laboratório,,,,,,1400.0,1,1400.0,169379.0,69.0
35/2026,Aprovada,,ARP Consumíveis laboratório,BENS,102122,46237,46356,119,MICROBIOLOGIA-IMUNOLOGIA,213/2025,Médio,1,46076,Material,6640,Equipamentos E Artigos De Laboratório,9749.0,Placa De Petri,,,,32000.0,1,32000.0,169379.0,69.0
35/2026,Aprovada,,ARP Consumíveis laboratório,BENS,102122,46237,46356,119,CIP,236/2025,Médio,2,46083,Material,6640,EQUIPAMENTOS E ARTIGOS DE LABORATÓRIO,,,,,,50000.0,1,50000.0,169379.0,69.0
35/2026,Aprovada,,ARP Consumíveis laboratório,BENS,102122,46237,46356,119,BAB - CIENCIAS BIOLÓGICAS,266/2025,Alto,1,46027,Material,6640,Equipamentos e artigos de laboratório,13426.0,Lâmina Laboratório,409745.0,"dimensões: cerca de 75 x 50, material: vidro, tipo borda: borda fosca",UN,0.35,2500,875.0,169379.0,69.0
35/2026,Aprovada,,ARP Consumíveis laboratório,BENS,102122,46237,46356,119,BAB - CIENCIAS BIOLÓGICAS,266/2025,Alto,2,46027,Material,6640,Equipamentos e artigos de laboratório,8637.0,Lamínula,409646.0,"dimensões: cerca de 25 x 50, material: vidro",UN,0.1,2500,250.0,169379.0,69.0
35/2026,Aprovada,,ARP Consumíveis laboratório,BENS,102122,46237,46356,119,BAB - CIENCIAS BIOLÓGICAS,266/2025,Alto,3,46027,Material,6810,Produtos químicos,18189.0,Álcool Etílico,346633.0,"aspecto físico: líquido límpido, incolor, volátil, característica adicional: anidro, absoluto, fórmula química: c2h5oh, grau de pureza: mínimo de 99,7% p/p inpm, número de referência química: cas 64-17-5, peso molecular: 46,07, teor alcoólico: mínimo de 99,5°gl",L,15.0,48,720.0,169379.0,69.0
35/2026,Aprovada,,ARP Consumíveis laboratório,BENS,102122,46237,46356,119,BAB - CIENCIAS BIOLÓGICAS,266/2025,Alto,4,46027,Material,6810,Produtos químicos,13489.0,Xileno,364124.0,"aspecto físico: líquido límpido, incolor, inflamável, característica adicional: reagente p.a., fórmula química: c6h4(ch3)2  (p-xileno), grau de pureza: pureza mínima de 99%, número de referência química: cas 106-42-3, peso molecular: 106,17",L,45.0,24,1080.0,169379.0,69.0
35/2026,Aprovada,,ARP Consumíveis laboratório,BENS,102122,46237,46356,119,BAB - CIENCIAS BIOLÓGICAS,266/2025,Alto,5,46027,Material,6810,Produtos químicos,7739.0,Formaldeído (Formol),362990.0,"aspecto físico: líquido incolor, límpido, fórmula química: h2co, grau de pureza: concentração entre 37 e 40%, número de referência química: cas 50-00-0, peso molecular: 30,03",L,160.0,2,320.0,169379.0,69.0
35/2026,Aprovada,,ARP Consumíveis laboratório,BENS,102122,46237,46356,119,BAB - CIENCIAS BIOLÓGICAS,266/2025,Alto,6,46027,Material,6810,PRODUTOS QUÍMICOS,796.0,PARAFINA,464232.0,"APRESENTAÇÃO: EM PASTILHA, ASPECTO FÍSICO: HISTOLÓGICA, SÓLIDA, BRANCA, PONTO FUSÃO: 58 A 62",KG,160.0,10,1600.0,169379.0,69.0
35/2026,Aprovada,,ARP Consumíveis laboratório,BENS,102122,46237,46356,119,BAB - CIENCIAS BIOLÓGICAS,266/2025,Alto,7,46027,Material,6640,Equipamentos e artigos de laboratório,13654.0,Navalha Laboratório,464231.0,"adicional: alto perfil, aplicação: para micrótomo, dimensões: cerca de 80 x 15, material: aço inox, revestimento: revestida com cerâmica e ptfe, tipo uso: descartável",UN,11.0,150,1650.0,169379.0,69.0
35/2026,Aprovada,,ARP Consumíveis laboratório,BENS,102122,46237,46356,119,MICROBIOLOGIA-IMUNOLOGIA,299/2025,Alto,1,46041,Material,6640,Equipamentos e artigos de laboratório,9759.0,Microtubo,,,,570.0,1,570.0,169379.0,69.0
35/2026,Aprovada,,ARP Consumíveis laboratório,BENS,102122,46237,46356,119,MICROBIOLOGIA-IMUNOLOGIA,299/2025,Alto,2,46041,Material,6640,Equipamentos e artigos de laboratório,13114.0,Tubo laboratório,,,,2080.0,1,2080.0,169379.0,69.0
35/2026,Aprovada,,ARP Consumíveis laboratório,BENS,102122,46237,46356,119,MICROBIOLOGIA-IMUNOLOGIA,299/2025,Alto,3,46041,Material,6640,Equipamentos E Artigos De Laboratório,11016.0,Ponteira Laboratório,,,,3800.0,1,3800.0,169379.0,69.0
35/2026,Aprovada,,ARP Consumíveis laboratório,BENS,102122,46237,46356,119,MICROBIOLOGIA-IMUNOLOGIA,299/2025,Alto,4,46041,Material,6515,"Instrumentos, Equipamentos E Suprimentos Médicos  E  Cirúrgicos",13831.0,Swab,,,,485.0,1,485.0,169379.0,69.0
35/2026,Aprovada,,ARP Consumíveis laboratório,BENS,102122,46237,46356,119,MICROBIOLOGIA-IMUNOLOGIA,299/2025,Alto,5,46041,Material,6810,Produtos Químicos,30322.0,Insumos Biológicos,,,,128.0,1,128.0,169379.0,69.0
35/2026,Aprovada,,ARP Consumíveis laboratório,BENS,102122,46237,46356,119,CIP,301/2025,Médio,1,46083,Material,6550,"SUBSTÂNCIAS PARA DIAGNÓSTICO ""IN VITRO"",  REAGENTES,  CONJUNTOS E JOGOS PARA TESTE",12254.0,SOLUÇÃO TAMPÃO,409671.0,"TIPO: PH 7,4",FR,500.0,52,26000.0,169379.0,69.0
35/2026,Aprovada,,ARP Consumíveis laboratório,BENS,102122,46237,46356,119,CIP,301/2025,Médio,2,46083,Material,6550,"Substâncias para diagnóstico ""in vitro"",  reagentes,  conjuntos e jogos para teste",12254.0,Solução Tampão,234416.0,"aplicação: calibragem de peagâmetro, leitura: ph 4,0",FR,100.0,1,100.0,169379.0,69.0
35/2026,Aprovada,,ARP Consumíveis laboratório,BENS,102122,46237,46356,119,CIP,301/2025,Médio,3,46083,Material,6550,"Substâncias para diagnóstico ""in vitro"",  reagentes,  conjuntos e jogos para teste",12254.0,Solução Tampão,234417.0,"aplicação: calibragem de peagâmetro, leitura: ph 7,0",FR,100.0,1,100.0,169379.0,69.0
35/2026,Aprovada,,ARP Consumíveis laboratório,BENS,102122,46237,46356,119,MICROBIOLOGIA-IMUNOLOGIA,298/2025,Alto,1,46034,Material,6505,Drogas e medicamentos,2517.0,Anfotericina b,,,,4318.0,1,4318.0,169379.0,69.0
35/2026,Aprovada,,ARP Consumíveis laboratório,BENS,102122,46237,46356,119,MICROBIOLOGIA-IMUNOLOGIA,298/2025,Alto,2,46034,Material,6505,Drogas E Medicamentos,7644.0,Fluconazol,,,,573.0,1,573.0,169379.0,69.0
35/2026,Aprovada,,ARP Consumíveis laboratório,BENS,102122,46237,46356,119,MICROBIOLOGIA-IMUNOLOGIA,299/2025,Alto,6,46041,Material,6640,Equipamentos e artigos de laboratório,9749.0,Placa de petri,,,,330.0,1,330.0,169379.0,69.0
35/2026,Aprovada,,ARP Consumíveis laboratório,BENS,102122,46237,46356,119,CIP,301/2025,Médio,4,46083,Material,6810,Produtos químicos,13893.0,Corante,327534.0,"aspecto físico: líquido, características adicionais: frascos separados contendo, composição: cristalvioleta,lugol,etanol-acetona,fucsina básica, tipo: conjunto reagente para coloração de gram",FR,100.0,1,100.0,169379.0,69.0
35/2026,Aprovada,,ARP Consumíveis laboratório,BENS,102122,46237,46356,119,CIP,301/2025,Médio,5,46083,Material,6850,Especialidades químicas diversas,12210.0,Solução,626188.0,"aplicação: calibração de turbidímetro, características adicionais: em conjunto com, padrões 0,1 ntu, 100 ntu, 800 ntu, referência: lab lac/r077011, tipo: turbidez",EMB,300.0,1,300.0,169379.0,69.0
36/2026,Aprovada,,Material Odonto não padronizado,BENS,102122,46034,46142,108,BAO - ODONTOP. ORTO. S COLETIVA,74/2025,Alto,1,46172,Material,6520,"INSTRUMENTOS, EQUIPAMENTOS E SUPRIMENTOS DENTÁRIOS",7008.0,ESPELHO BUCAL,437556.0,"APRESENTAÇÃO: EMBALAGEM INDIVIDUAL, MATERIAL: AÇO INOXIDÁVEL E ESPELHO, TAMANHO: N° 4, TIPO: PLANO, TIPO USO: AUTOCLAVÁVEL, USO: ENCAIXE UNIVERSAL",UN,7.5,200,1500.0,120518.0,232.0
36/2026,Aprovada,,Material Odonto não padronizado,BENS,102122,46034,46142,108,BAO - ODONTOP. ORTO. S COLETIVA,74/2025,Alto,2,46172,Material,6520,"Instrumentos, equipamentos e suprimentos dentários",7007.0,Cabo Espelho Bucal,413302.0,"formato: redondo, material: alumínio, tipo uso: autoclavável",UN,7.5,200,1500.0,120518.0,232.0
36/2026,Aprovada,,Material Odonto não padronizado,BENS,102122,46034,46142,108,BAO - ODONTOP. ORTO. S COLETIVA,74/2025,Alto,3,46172,Material,6520,"INSTRUMENTOS, EQUIPAMENTOS E SUPRIMENTOS DENTÁRIOS",1296.0,SONDA ODONTOLÓGICA,419944.0,"CARACTERÍSTICAS ADICIONAIS: MILIMETRADA, MATERIAL: AÇO INOXIDÁVEL, MODELO: WHO (0MS), TIPO: PERIODONTAL",UN,50.0,200,10000.0,120518.0,232.0
36/2026,Aprovada,,Material Odonto não padronizado,BENS,102122,46034,46142,108,BAO - ODONTOP. ORTO. S COLETIVA,85/2025,Médio,1,46111,Material,6520,"INSTRUMENTOS, EQUIPAMENTOS E SUPRIMENTOS DENTÁRIOS",1398.0,CAIXA BANDAS ORTODÔNTICOS,,,,1100.0,1,1100.0,120518.0,232.0
36/2026,Aprovada,,Material Odonto não padronizado,BENS,102122,46034,46142,108,BAO - ODONTOP. ORTO. S COLETIVA,85/2025,Médio,2,46111,Material,6520,"Instrumentos, Equipamentos E Suprimentos Dentários",7538.0,Fio Ortodôntico,,,,2400.0,1,2400.0,120518.0,232.0
36/2026,Aprovada,,Material Odonto não padronizado,BENS,102122,46034,46142,108,BAO - ODONTOP. ORTO. S COLETIVA,85/2025,Médio,3,46111,Material,6520,"Instrumentos, Equipamentos E Suprimentos Dentários",1325.0,Expansor Ortodôntico,,,,5500.0,1,5500.0,120518.0,232.0
36/2026,Aprovada,,Material Odonto não padronizado,BENS,102122,46034,46142,108,BAO - ODONTOP. ORTO. S COLETIVA,98/2025,Médio,1,46142,Material,6520,"Instrumentos, Equipamentos E Suprimentos Dentários",1321.0,Bráquete Odontológico,,,,23993.0,1,23993.0,120518.0,232.0
36/2026,Aprovada,,Material Odonto não padronizado,BENS,102122,46034,46142,108,BAO - ODONTOP. ORTO. S COLETIVA,98/2025,Médio,2,46142,Material,6520,"Instrumentos, equipamentos e suprimentos dentários",1331.0,Tubo ortodôntico,,,,20448.0,1,20448.0,120518.0,232.0
36/2026,Aprovada,,Material Odonto não padronizado,BENS,102122,46034,46142,108,BAO - ODONTOP. ORTO. S COLETIVA,98/2025,Médio,3,46142,Material,6520,"Instrumentos, Equipamentos E Suprimentos Dentários",7538.0,Fio Ortodôntico,,,,672.0,1,672.0,120518.0,232.0
36/2026,Aprovada,,Material Odonto não padronizado,BENS,102122,46034,46142,108,BAO - ODONTOP. ORTO. S COLETIVA,98/2025,Médio,4,46142,Material,6520,"Instrumentos, Equipamentos E Suprimentos Dentários",3287.0,Banda Ortodôntica,,,,7780.0,1,7780.0,120518.0,232.0
36/2026,Aprovada,,Material Odonto não padronizado,BENS,102122,46034,46142,108,BAO - ODONTOP. ORTO. S COLETIVA,98/2025,Médio,5,46142,Material,6520,"INSTRUMENTOS, EQUIPAMENTOS E SUPRIMENTOS DENTÁRIOS",1328.0,ELÁSTICO ORTODÔNTICO,,,,4600.0,1,4600.0,120518.0,232.0
36/2026,Aprovada,,Material Odonto não padronizado,BENS,102122,46034,46142,108,BAB - CIENCIAS BIOLÓGICAS,196/2025,Alto,9,46055,Material,6810,Produtos químicos,18189.0,Álcool Etílico,405780.0,"aspecto físico: líquido límpido, incolor, volátil, característica adicional: hidratado, fórmula química: c2h5oh, grau de pureza: mínimo de 70 °inpm (70% p/p), número de referência química: cas 64-17-5, peso molecular: 46,07, teor alcoólico: mínimo de 77 °gl (77% v/v a 20 °c)",L,8.5,10,85.0,120518.0,232.0
36/2026,Aprovada,,Material Odonto não padronizado,BENS,102122,46034,46142,108,TRIAGEM - URGENCIA,246/2025,Alto,1,46097,Material,6520,"Instrumentos, equipamentos e suprimentos dentários",2712.0,Caneta Alta Rotação,437552.0,"material rolamento: rolamento cerâmica, refrigeração: 3 ou mais furos, tipo cabeça: cabeça padrão, tipo conexão: conexão 2 furos, troca de brocas: botão de pressão(pb), velocidade máxima: velocidade máxima menor ou igual 400.000",UN,950.0,5,4750.0,120518.0,232.0
36/2026,Aprovada,,Material Odonto não padronizado,BENS,102122,46034,46142,108,TRIAGEM - URGENCIA,246/2025,Alto,2,46097,Material,6520,"Instrumentos, equipamentos e suprimentos dentários",3905.0,Broca Alta Rotação,449702.0,"formato: esférica, material: aço inoxidável diamantada, numeração 2: ref. 1018, tipo corte: corte médio, tipo haste: haste longa",UN,7.0,50,350.0,120518.0,232.0
36/2026,Aprovada,,Material Odonto não padronizado,BENS,102122,46034,46142,108,TRIAGEM - URGENCIA,246/2025,Alto,3,46097,Material,6520,"Instrumentos, equipamentos e suprimentos dentários",3905.0,Broca Alta Rotação,437784.0,"característica adicional: topo arredondado, formato: tronco cônica, material: aço inoxidável diamantada, numeração americana: 4138, tipo corte: corte extra fino, tipo haste: haste regular",UN,15.0,20,300.0,120518.0,232.0
36/2026,Aprovada,,Material Odonto não padronizado,BENS,102122,46034,46142,108,TRIAGEM - URGENCIA,246/2025,Alto,4,46097,Material,6520,"Instrumentos, equipamentos e suprimentos dentários",3905.0,Broca Alta Rotação,434997.0,"formato: esférica, material: aço inoxidável diamantada, numeração 2: ref. 1018, tipo corte: corte médio, tipo haste: haste regular",UN,6.0,50,300.0,120518.0,232.0
36/2026,Aprovada,,Material Odonto não padronizado,BENS,102122,46034,46142,108,TRIAGEM - URGENCIA,246/2025,Alto,5,46097,Material,6520,"Instrumentos, equipamentos e suprimentos dentários",3905.0,Broca Alta Rotação,434996.0,"formato: esférica, material: aço inoxidável diamantada, numeração 2: ref. 1017, tipo corte: corte médio, tipo haste: haste regular",UN,6.0,30,180.0,120518.0,232.0
36/2026,Aprovada,,Material Odonto não padronizado,BENS,102122,46034,46142,108,TRIAGEM - URGENCIA,246/2025,Alto,6,46097,Material,6520,"Instrumentos, equipamentos e suprimentos dentários",3905.0,Broca Alta Rotação,427327.0,"formato: esférica, material: aço inoxidável diamantada, numeração americana: 1016, tipo corte: corte grosso, tipo haste: haste regular",UN,6.0,30,180.0,120518.0,232.0
36/2026,Aprovada,,Material Odonto não padronizado,BENS,102122,46034,46142,108,TRIAGEM - URGENCIA,246/2025,Alto,7,46097,Material,6520,"Instrumentos, equipamentos e suprimentos dentários",3905.0,Broca Alta Rotação,413072.0,"formato: chama, material: aço inoxidável diamantada, numeração americana: 1111, tipo corte: corte fino, tipo haste: haste regular",UN,7.0,30,210.0,120518.0,232.0
36/2026,Aprovada,,Material Odonto não padronizado,BENS,102122,46034,46142,108,TRIAGEM - URGENCIA,246/2025,Alto,8,46097,Material,6520,"Instrumentos, equipamentos e suprimentos dentários",3905.0,Broca Alta Rotação,404644.0,"formato: esférica, material: aço inoxidável diamantada, numeração americana: 1013, tipo corte: corte médio, tipo haste: haste longa",UN,6.0,50,300.0,120518.0,232.0
36/2026,Aprovada,,Material Odonto não padronizado,BENS,102122,46034,46142,108,TRIAGEM - URGENCIA,246/2025,Alto,9,46097,Material,6520,"Instrumentos, equipamentos e suprimentos dentários",3905.0,Broca Alta Rotação,404050.0,"formato: esférica, material: aço inoxidável diamantada, numeração americana: 1019, tipo corte: corte médio, tipo haste: haste longa",UN,6.0,50,300.0,120518.0,232.0
36/2026,Aprovada,,Material Odonto não padronizado,BENS,102122,46034,46142,108,TRIAGEM - URGENCIA,246/2025,Alto,10,46097,Material,6520,"Instrumentos, equipamentos e suprimentos dentários",3905.0,Broca Alta Rotação,403745.0,"característica adicional: topo arredondado, formato: tronco cônica, material: aço inoxidável diamantada, numeração americana: 4138, tipo corte: corte fino, tipo haste: haste regular",UN,13.0,30,390.0,120518.0,232.0
36/2026,Aprovada,,Material Odonto não padronizado,BENS,102122,46034,46142,108,TRIAGEM - URGENCIA,246/2025,Alto,11,46097,Material,6520,"Instrumentos, equipamentos e suprimentos dentários",3905.0,Broca Alta Rotação,403389.0,"característica adicional: picotada, formato: tronco cônica, material: carbide, numeração americana 1: ref. 702, tipo corte: cirúrgica, tipo haste: haste longa",UN,18.0,10,180.0,120518.0,232.0
36/2026,Aprovada,,Material Odonto não padronizado,BENS,102122,46034,46142,108,TRIAGEM - URGENCIA,246/2025,Alto,12,46097,Material,6520,"Instrumentos, equipamentos e suprimentos dentários",3905.0,Broca Alta Rotação,402949.0,"formato: esférica, material: aço inoxidável diamantada, numeração americana: 1016, tipo corte: corte médio, tipo haste: haste regular",UN,6.0,30,180.0,120518.0,232.0
36/2026,Aprovada,,Material Odonto não padronizado,BENS,102122,46034,46142,108,TRIAGEM - URGENCIA,246/2025,Alto,13,46097,Material,6520,"Instrumentos, equipamentos e suprimentos dentários",3905.0,Broca Alta Rotação,402944.0,"formato: esférica, material: aço inoxidável diamantada, numeração americana: 1011, tipo corte: corte médio, tipo haste: haste regular",UN,6.0,50,300.0,120518.0,232.0
36/2026,Aprovada,,Material Odonto não padronizado,BENS,102122,46034,46142,108,TRIAGEM - URGENCIA,246/2025,Alto,14,46097,Material,6525,"Equipamentos e suprimentos de raios-x de uso  médico,  dentário e veterinário",18113.0,Protetor Radiológico,475757.0,"adicional 1: ajustável, impermeável, material: borracha c/ tungstênio, modelo: avental frente longo, ombro e costa longo, proteção tecido: equivalência frente 0,50, ombro e costa 0,25, tamanhos: adulto",UN,1000.0,1,1000.0,120518.0,232.0
36/2026,Aprovada,,Material Odonto não padronizado,BENS,102122,46034,46142,108,TRIAGEM - URGENCIA,246/2025,Alto,15,46097,Material,6525,"Equipamentos e suprimentos de raios-x de uso  médico,  dentário e veterinário",18113.0,Protetor Radiológico,475746.0,"adicional 1: ajustável, impermeável, material: borracha plumbífera, modelo: avental curto p/ periapical, proteção tecido: equivalência de 0,50, tamanhos: infantil",UN,600.0,1,600.0,120518.0,232.0
36/2026,Aprovada,,Material Odonto não padronizado,BENS,102122,46034,46142,108,TRIAGEM - URGENCIA,246/2025,Alto,16,46097,Material,6520,"Instrumentos, equipamentos e suprimentos dentários",377.0,Alavanca Odontológica,413383.0,"características adicionais: reta, esterilidade: autoclavável, material: aço inoxidável, referência: nº 304, tipo: apical",UN,70.0,6,420.0,120518.0,232.0
36/2026,Aprovada,,Material Odonto não padronizado,BENS,102122,46034,46142,108,TRIAGEM - URGENCIA,246/2025,Alto,17,46097,Material,6810,Produtos químicos,14487.0,Desinfetante,607280.0,"composição: à base de quaternário de amônio, forma física: solução aquosa, princípio ativo: peróxido de hidrogênio, teor ativo: cerca de 5,5% + 4,3%",L,50.0,20,1000.0,120518.0,232.0
36/2026,Aprovada,,Material Odonto não padronizado,BENS,102122,46034,46142,108,CLINICAS ODONTO,288/2025,Alto,1,46327,Material,6520,"Instrumentos, equipamentos e suprimentos dentários",,,,,,30000.0,1,30000.0,120518.0,232.0
37/2026,Aprovada,,Equipamentos Médico Hospitalar,BENS,102122,46146,46265,119,CLINICA DE FONOAUDIOLOGIA,140/2025,Alto,1,46112,Material,5220,Calibres de inspeção e ferramentas de precisão,13667.0,Decibelímetro,,,,1890.0,1,1890.0,13752.55,64.0
37/2026,Aprovada,,Equipamentos Médico Hospitalar,BENS,102122,46146,46265,119,Biotério,145/2025,Alto,1,46142,Material,6515,"Instrumentos, equipamentos e suprimentos médicos  e  cirúrgicos",,,,,,1522.55,1,1522.55,13752.55,64.0
37/2026,Aprovada,,Equipamentos Médico Hospitalar,BENS,102122,46146,46265,119,CLINICA DE FONOAUDIOLOGIA,142/2025,Alto,1,46112,Material,5220,Calibres de inspeção e ferramentas de precisão,13667.0,Decibelímetro,,,,900.0,1,900.0,13752.55,64.0
37/2026,Aprovada,,Equipamentos Médico Hospitalar,BENS,102122,46146,46265,119,CLINICA DE FONOAUDIOLOGIA,156/2025,Alto,1,46112,Material,6515,"Instrumentos, Equipamentos E Suprimentos Médicos  E  Cirúrgicos",9116.0,Manovacuômetro,,,,9000.0,1,9000.0,13752.55,64.0
37/2026,Aprovada,,Equipamentos Médico Hospitalar,BENS,102122,46146,46265,119,BAD - DENT. ENDO. MAT ODONT.,193/2025,Alto,1,46114,Material,6530,"Mobiliário, Equipamentos, Utensílios E  Suprimentos  Hospitalares",,,,,,440.0,1,440.0,13752.55,64.0
41/2026,Aprovada,,Nitrogênio liquido,BENS,102122,45917,46037,120,CIP,236/2025,Médio,1,46083,Material,6830,GASES COMPRIMIDOS E LIQUEFEITOS,,,,,,12000.0,1,12000.0,50000.0,47.0
41/2026,Aprovada,,Nitrogênio liquido,BENS,102122,45917,46037,120,CIP,239/2025,Médio,1,46083,Material,6850,Especialidades químicas diversas,,,,,,38000.0,1,38000.0,50000.0,47.0
44/2026,Aprovada,,Manutenção de Ar condicionado,SERVICOS,102122,45932,46052,120,ATF - FINANCEIRO,179/2025,Médio,1,46065,Serviço,871,"Serviços De Manutenção E Reparo De Produtos Fabricados De Metal,Maquinaria E Equipamentos",,,,,,180000.0,1,180000.0,180000.0,36.0
45/2026,Aprovada,,Projeto Reforma Biblioteca,OBRAS_SERV_ESP_ENGENHARIA,102122,46098,46218,120,BIBLIOTECA,56/2025,Alto,1,46095,Serviço,831,SERVIÇOS DE CONSULTORIA E DE GERÊNCIA/GESTÃO,,,78.0,ESTUDOS E PROJETOS DE ARQUITETURA,,375000.0,1,375000.0,375000.0,35.0
46/2026,Devolvida,,Mobiliário corporativo,BENS,102122,46237,46357,120,BAE - ESTOMATO. CIRU. RADIO. PATO,26/2025,Médio,3,46174,Material,7110,Mobiliário para escritório,,,,,,700.0,1,700.0,39503.0,
46/2026,Devolvida,,Mobiliário corporativo,BENS,102122,46237,46357,120,ATAC - ACADEMICA,90/2025,Médio,1,46053,Material,7110,Mobiliário para escritório,17955.0,Mesa,,,,2000.0,1,2000.0,39503.0,
46/2026,Devolvida,,Mobiliário corporativo,BENS,102122,46237,46357,120,ATAC - ACADEMICA,90/2025,Médio,2,46053,Material,7110,MOBILIÁRIO PARA ESCRITÓRIO,,,,,,4000.0,1,4000.0,39503.0,
46/2026,Devolvida,,Mobiliário corporativo,BENS,102122,46237,46357,120,ATAC - ACADEMICA,90/2025,Médio,3,46053,Material,7110,Mobiliário para escritório,,,,,,800.0,1,800.0,39503.0,
46/2026,Devolvida,,Mobiliário corporativo,BENS,102122,46237,46357,120,ATAC - ACADEMICA,141/2025,Alto,1,46053,Material,7110,MOBILIÁRIO PARA ESCRITÓRIO,,,,,,3000.0,1,3000.0,39503.0,
46/2026,Devolvida,,Mobiliário corporativo,BENS,102122,46237,46357,120,BAD - DENT. ENDO. MAT ODONT.,163/2025,Alto,1,46114,Material,7110,MOBILIÁRIO PARA ESCRITÓRIO,,,,,,6500.0,1,6500.0,39503.0,
46/2026,Devolvida,,Mobiliário corporativo,BENS,102122,46237,46357,120,MICROBIOLOGIA-IMUNOLOGIA,233/2025,Médio,1,46083,Material,7110,MOBILIÁRIO PARA ESCRITÓRIO,,,,,,1500.0,1,1500.0,39503.0,
46/2026,Devolvida,,Mobiliário corporativo,BENS,102122,46237,46357,120,BAB - CIENCIAS BIOLÓGICAS,237/2025,Médio,1,46183,Material,6530,"Mobiliário, equipamentos, utensílios e  suprimentos  hospitalares",331.0,Cadeira,626462.0,"acabamento superficial: polido, características adicionais: estrutura em aço base giratória com 4 a 5 pés, material: aço inoxidável, tipo: para laboratório",UN,800.0,10,8000.0,39503.0,
46/2026,Devolvida,,Mobiliário corporativo,BENS,102122,46237,46357,120,ATA - ADMINISTRACAO,306/2025,Médio,1,46082,Material,7110,Mobiliário para escritório,,,,,,5000.0,1,5000.0,39503.0,
46/2026,Devolvida,,Mobiliário corporativo,BENS,102122,46237,46357,120,BAO - ODONTOP. ORTO. S COLETIVA,320/2025,Médio,1,46203,Material,7110,Mobiliário para escritório,10981.0,Poltrona escritório,,,,2300.0,1,2300.0,39503.0,
46/2026,Devolvida,,Mobiliário corporativo,BENS,102122,46237,46357,120,BAO - ODONTOP. ORTO. S COLETIVA,320/2025,Médio,2,46203,Material,7110,MOBILIÁRIO PARA ESCRITÓRIO,313.0,CADEIRA ESCRITÓRIO,,,,3.0,1,3.0,39503.0,
46/2026,Devolvida,,Mobiliário corporativo,BENS,102122,46237,46357,120,BAO - ODONTOP. ORTO. S COLETIVA,320/2025,Médio,3,46203,Material,7110,MOBILIÁRIO PARA ESCRITÓRIO,9611.0,MESA,,,,4500.0,1,4500.0,39503.0,
46/2026,Devolvida,,Mobiliário corporativo,BENS,102122,46237,46357,120,OBRAS,328/2025,Alto,2,46037,Material,5963,Módulos Eletrônicos,17955.0,Mesa,624334.0,"aplicação: notebook, material: mdf, tratamento superficial: plástico",UN,600.0,1,600.0,39503.0,
46/2026,Devolvida,,Mobiliário corporativo,BENS,102122,46237,46357,120,OBRAS,328/2025,Alto,3,46037,Material,7110,Mobiliário Para Escritório,313.0,Cadeira Escritório,625040.0,"apoio braço: com braços reguláveis, características adicionais: encosto de cabeça e suporte lombar, cor: preta, dimensões assento: 450 x 490, dimensões encosto: 450 x 560, material assento: compensado/espuma injetada, material encosto: polipropileno telado, material estrutura: resina termoplástica injetada, material revestimento assento e encosto: couro ecológico/tecido sintético, quantidade pés: 5, tipo base: giratória com 5 rodízios duplos, tipo encosto: espaldar alto c/ apoio de cabeça",UN,600.0,1,600.0,39503.0,
50/2026,Aprovada,,capa de prontuário personalizado,BENS,102122,46240,46360,120,CLINICA DE FONOAUDIOLOGIA,38/2025,Médio,1,46112,Material,7540,Formulários padronizados,8305.0,Impresso padronizado,,,,15000.0,1,15000.0,15000.0,14.0
51/2026,Aprovada,,Testes psicológicos e pedagógicos,BENS,102122,46084,46204,120,BAF - FONOAUDIOLOGIA,31/2025,Alto,1,46023,Serviço,859,OUTROS SERVIÇOS DE SUPORTE,,,18384.0,TESTES E AVALIAÇÕES DE PROEFICIÊNCIA E CAPACIDADE PSICO/EDUCACIONAIS,,900.0,28,25200.0,66832.0,10.0
51/2026,Aprovada,,Testes psicológicos e pedagógicos,BENS,102122,46084,46204,120,CLINICA DE FONOAUDIOLOGIA,97/2025,Alto,1,46081,Material,7690,IMPRESSOS DIVERSOS,12698.0,TESTES PSICOLÓGICOS,,,,34288.0,1,34288.0,66832.0,10.0
51/2026,Aprovada,,Testes psicológicos e pedagógicos,BENS,102122,46084,46204,120,CLINICA DE FONOAUDIOLOGIA,99/2025,Médio,1,46101,Material,7820,"Jogos, Brinquedos E Artigos Correlatos Com Rodas",8533.0,Jogo / Brinquedo Pedagógico,,,,6193.0,1,6193.0,66832.0,10.0
51/2026,Aprovada,,Testes psicológicos e pedagógicos,BENS,102122,46084,46204,120,CLINICA DE FONOAUDIOLOGIA,97/2025,Alto,2,46081,Material,7610,Livros e folhetos,9496.0,Material pedagógico,,,,1151.0,1,1151.0,66832.0,10.0
47/2026,Aprovada,,Móveis planejados,SERVICOS,102122,46105,46224,119,CPC,230/2025,Médio,1,46260,Material,7195,MOBILIÁRIOS DIVERSOS E ACESSÓRIOS,,,,,,6000.0,1,6000.0,56000.0,277.0
47/2026,Aprovada,,Móveis planejados,SERVICOS,102122,46105,46224,119,ALMOXARIFADO,359/2025,Médio,1,46204,Serviço,951,"Serviços Fornecidos Por Organizações Comercial,De Empregadore De Profissionais",,,13200.0,Confecção de Móvel de Madeira com / sem Revestimento de Fór-Mica,,50000.0,1,50000.0,56000.0,277.0
48/2026,Aprovada,,Plataforma Acessibilidade,BENS,102122,46113,46233,120,BAF - FONOAUDIOLOGIA,348/2025,Alto,1,46023,Material,7195,Mobiliários diversos e acessórios,10898.0,Plataforma - aerea trabalho,,,,30000.0,1,30000.0,30000.0,20.0
49/2026,Aprovada,,Sistema de monitoramento e segurança,BENS,102122,45960,46080,120,BAO - ODONTOP. ORTO. S COLETIVA,83/2025,Médio,1,46142,Material,6350,"Sistemas diversos de sinalização, alarme e detecção para  segurança",,,,,,1800.0,1,1800.0,13850.0,15.0
49/2026,Aprovada,,Sistema de monitoramento e segurança,BENS,102122,45960,46080,120,BAO - ODONTOP. ORTO. S COLETIVA,114/2025,Médio,1,46142,Material,5963,Módulos eletrônicos,14501.0,Controlador Acesso,443453.0,"tipo: display tipo touch-screen, padrão: stand-alone, tipo conexão: rede local, características adicionais: identificaçao através de biometria/smart card, aplicação: monitoramento e controle de portas de acesso, tipo uso: fechadura do tipo eletroima ou eletromagnética",UN,750.0,3,2250.0,13850.0,15.0
49/2026,Aprovada,,Sistema de monitoramento e segurança,BENS,102122,45960,46080,120,BAD - DENT. ENDO. MAT ODONT.,184/2025,Alto,1,46114,Material,6350,"Sistemas Diversos De Sinalização, Alarme E Detecção Para  Segurança",18318.0,Fechadura Biometrica,,,,3300.0,1,3300.0,13850.0,15.0
49/2026,Aprovada,,Sistema de monitoramento e segurança,BENS,102122,45960,46080,120,BAD - DENT. ENDO. MAT ODONT.,270/2025,Alto,1,46126,Material,5836,Equipamentos para gravação e reprodução de vídeo,,,,,,1500.0,1,1500.0,13850.0,15.0
49/2026,Aprovada,,Sistema de monitoramento e segurança,BENS,102122,45960,46080,120,CIP,318/2025,Baixo,1,46083,Material,6350,"Sistemas diversos de sinalização, alarme e detecção para  segurança",14501.0,Controlador Acesso,443453.0,"tipo: display tipo touch-screen, padrão: stand-alone, tipo conexão: rede local, características adicionais: identificaçao através de biometria/smart card, aplicação: monitoramento e controle de portas de acesso, tipo uso: fechadura do tipo eletroima ou eletromagnética",UN,5000.0,1,5000.0,13850.0,15.0
54/2026,Aprovada,,Manutenção de elevadores,SERVICOS,102122,46216,46336,120,ATA - ADMINISTRACAO,135/2025,Alto,1,46329,Serviço,546,SERVIÇOS DE INSTALAÇÃO,,,3557.0,"INSTALAÇÃO / MANUTENÇÃO - ELEVADORES, ESCADAS ROLANTES, MON-TA - CARGAS / PLATAFORMA / ESCADAS",,25000.0,1,25000.0,25000.0,8.0
52/2026,Aprovada,,Container Rondônia,BENS,102122,46113,46233,120,PROJETO RONDONIA,349/2025,Médio,1,46054,Material,8145,Recipientes especializados para transporte e armazenagem,,,,,,15000.0,1,15000.0,15000.0,9.0
55/2026,Aprovada,,Serviços manutenção clínica de Fono,SERVICOS,102122,45953,46073,120,CLINICA DE FONOAUDIOLOGIA,80/2025,Alto,1,46073,Serviço,547,Serviço de acabamento e finalização dos edifícios,,,5312.0,Instalação / manutenção / remoção - piso em geral (exceto madeirados),,110.0,36,3960.0,25600.0,6.0
55/2026,Aprovada,,Serviços manutenção clínica de Fono,SERVICOS,102122,45953,46073,120,CLINICA DE FONOAUDIOLOGIA,81/2025,Alto,1,46073,Serviço,873,Serviços de instalação(à exceção da construção),,,13137.0,Confecção / instalação - vidro / espelho / moldura,,5410.0,4,21640.0,25600.0,6.0
56/2026,Aprovada,,Limpeza de Caixa de água,SERVICOS,102122,45971,46091,120,ATA - ADMINISTRACAO,112/2025,Médio,1,46059,Serviço,853,Serviços de limpeza,,,,,,22000.0,1,22000.0,22000.0,5.0
53/2026,Aprovada,,ARP Zeladoria,BENS,102122,46146,46265,119,ATA - ADMINISTRACAO,167/2025,Médio,2,46101,Material,8520,"Sabonetes, artigos para barbear e dentifrícios",,,,,,18000.0,1,18000.0,18000.0,231.0
57/2026,Aprovada,,Calibração de equipamentos Fono,SERVICOS,102122,45971,46091,120,CLINICA DE FONOAUDIOLOGIA,183/2025,Médio,1,46093,Serviço,872,Serviços de reparo de outros bens,,,,,,21000.0,1,21000.0,21000.0,4.0
58/2026,Aprovada,,Confecção de moldes AASI,SERVICOS,102122,46007,46127,120,CLINICA DE FONOAUDIOLOGIA,87/2025,Médio,1,46055,Serviço,881,Serviços de manufatura em insumos físicos que sao propriedade de outros(exceto maquinaria e equipamento),,,19992.0,Confecção órtese auditiva,,40.0,900,36000.0,74500.0,2.0
58/2026,Aprovada,,Confecção de moldes AASI,SERVICOS,102122,46007,46127,120,CLINICA DE FONOAUDIOLOGIA,87/2025,Médio,2,46055,Serviço,881,Serviços de manufatura em insumos físicos que sao propriedade de outros(exceto maquinaria e equipamento),,,19992.0,Confecção órtese auditiva,,35.0,1100,38500.0,74500.0,2.0
59/2026,Aprovada,,Coleta de resíduos médico hospitalares,SERVICOS,102122,45993,46113,120,ATA - ADMINISTRACAO,155/2025,Alto,1,46132,Serviço,942,Serviços De Eliminação De Rejeitos,,,19380.0,Coleta / Tratamento Lixo - Hospitalar,,2.6,10000,26000.0,26000.0,1.0
1/2026,Aprovada,,Serviços manutenção de cobertura,SERVICOS,102122,46083,46203,120,OBRAS,220/2025,Alto,1,46082,Serviço,545,Tipos especiais de serviços de construção,,,19224.0,Construção / manutenção / reforma - telhado,,23000.0,1,23000.0,68000.0,10.0
1/2026,Aprovada,,Serviços manutenção de cobertura,SERVICOS,102122,46083,46203,120,BIBLIOTECA,262/2025,Alto,1,46080,Serviço,545,Tipos especiais de serviços de construção,,,19224.0,Construção / manutenção / reforma - telhado,,45000.0,1,45000.0,68000.0,10.0
5/2026,Aprovada,,Ar Condicionado ,BENS,102122,45989,46111,122,ATF - FINANCEIRO,205/2025,Médio,1,46218,Material,4120,Equipamento de ar condicionado,,,,,,80000.0,1,80000.0,299800.0,69.0
5/2026,Aprovada,,Ar Condicionado ,BENS,102122,45989,46111,122,ATF - FINANCEIRO,227/2025,Médio,1,46218,Material,4120,Equipamento de ar condicionado,,,,,,122000.0,1,122000.0,299800.0,69.0
5/2026,Aprovada,,Ar Condicionado ,BENS,102122,45989,46111,122,ATAC - ACADEMICA,245/2025,Alto,1,46122,Material,4120,EQUIPAMENTO DE AR CONDICIONADO,,,,,,35000.0,1,35000.0,299800.0,69.0
5/2026,Aprovada,,Ar Condicionado ,BENS,102122,45989,46111,122,CLINICAS ODONTO,290/2025,Alto,1,46233,Material,4120,Equipamento de ar condicionado,,,,,,62800.0,1,62800.0,299800.0,69.0
6/2026,Aprovada,Fase Externa,Recarga de extintor e teste de estanqueidade,SERVICOS,102122,45989,46072,83,ATA - ADMINISTRACAO,251/2025,Alto,1,46086,Material,4210,Equipamentos para combate a incêndio,,,,,,10000.0,1,10000.0,15600.0,5.0
6/2026,Aprovada,Fase Externa,Recarga de extintor e teste de estanqueidade,SERVICOS,102122,45989,46072,83,ATA - ADMINISTRACAO,253/2025,Alto,1,46183,Serviço,835,Serviços científicos e outros serviços técnicos,,,16276.0,Execução de teste de estanqueidade,,80.0,70,5600.0,15600.0,5.0
7/2026,Aprovada,Fase Externa,Renovação AVCB,SERVICOS,102122,46048,46057,9,ATA - ADMINISTRACAO,313/2025,Alto,1,46069,Serviço,833,Serviços de engenharia,,,,,,35000.0,1,35000.0,35000.0,64.0
9/2026,Aprovada,,Filtros Diversos,BENS,102122,46051,46171,120,Biotério,131/2025,Alto,1,46142,Material,8710,Forragens e alimentos,,,,,,7500.0,1,7500.0,82091.2,15.0
9/2026,Aprovada,,Filtros Diversos,BENS,102122,46051,46171,120,Biotério,137/2025,Alto,1,46142,Material,9999,ITENS DIVERSOS,6695.0,CONJUNTO FILTRAGEM,,,,10790.0,1,10790.0,82091.2,15.0
9/2026,Aprovada,,Filtros Diversos,BENS,102122,46051,46171,120,ATA - ADMINISTRACAO,194/2025,Médio,1,46063,Material,4460,Equipamentos para purificação de ar,,,,,,25000.0,1,25000.0,82091.2,15.0
9/2026,Aprovada,,Filtros Diversos,BENS,102122,46051,46171,120,Biotério,243/2025,Alto,1,46142,Serviço,873,Serviços de instalação(à exceção da construção),,,20141.0,Instalação / montagem / manutenção - estante ventilada / isolador animal / canil,,3532.6,2,7065.2,82091.2,15.0
9/2026,Aprovada,,Filtros Diversos,BENS,102122,46051,46171,120,BAB - CIENCIAS BIOLÓGICAS,238/2025,Alto,1,46157,Material,6640,EQUIPAMENTOS E ARTIGOS DE LABORATÓRIO,12139.0,SISTEMA FILTRAÇÃO,605791.0,"ADICIONAL: REFIL, CAPACIDADE: 1000, COMPONENTES ADICIONAIS: COM FILTRO 0,22 ?M (PES), COMPOSIÇÃO: COM FUNIL, ESTERILIDADE: ESTÉRIL, MATERIAL: EM PLÁSTICO, TIPO: À VÁCUO",UN,1750.0,1,1750.0,82091.2,15.0
9/2026,Aprovada,,Filtros Diversos,BENS,102122,46051,46171,120,BAB - CIENCIAS BIOLÓGICAS,238/2025,Alto,2,46157,Material,6240,Lâmpadas Elétricas,8658.0,Lâmpada Fluorescente,454050.0,"características adicionais: com filtro ultravioleta, comprimento máximo: 600, potência nominal: 18, tensão nominal: 127/220, tipo: germicida, tipo base: g13, tipo bulbo: t8",UN,180.0,1,180.0,82091.2,15.0
9/2026,Aprovada,,Filtros Diversos,BENS,102122,46051,46171,120,BAB - CIENCIAS BIOLÓGICAS,238/2025,Alto,3,46157,Material,4460,Equipamentos Para Purificação De Ar,13506.0,Unidade Descontaminação Ar,470870.0,"aplicação: descontaminação ambiental doméstica/comercial, características adicionais: baixo nível ruído/fácil instalação, forma filtragem: pré-filtro bactericida / filtro hepa, tipo: compacta e portátil, tipo sistema: filtragem",UN,5500.0,1,5500.0,82091.2,15.0
9/2026,Aprovada,,Filtros Diversos,BENS,102122,46051,46171,120,BAB - CIENCIAS BIOLÓGICAS,278/2025,Alto,1,46091,Material,6240,Lâmpadas Elétricas,8670.0,Lâmpada Ultravioleta,455354.0,"formato: tubular, potência nominal: 15, tensão alimentação: 54, tipo: tuv, tipo base: g13, tipo bulbo: t8",UN,2800.0,1,2800.0,82091.2,15.0
9/2026,Aprovada,,Filtros Diversos,BENS,102122,46051,46171,120,BAB - CIENCIAS BIOLÓGICAS,278/2025,Alto,2,46091,Material,9999,Itens diversos,3488.0,Peças E Acessórios Purificador Água,627872.0,"aplicação: lampada uv, referência: 3at43984-0500 - gehaka, tipo: soquete",UN,2800.0,1,2800.0,82091.2,15.0
9/2026,Aprovada,,Filtros Diversos,BENS,102122,46051,46171,120,BAB - CIENCIAS BIOLÓGICAS,278/2025,Alto,3,46091,Material,9999,Itens diversos,3488.0,Peças E Acessórios Purificador Água,626216.0,"aplicação: purificador de água acquabios ab 200, características adicionais: tripla filtragem, blindado, referência 1: mpgp 002a1, tipo 1: refil purificador",UN,610.0,1,610.0,82091.2,15.0
9/2026,Aprovada,,Filtros Diversos,BENS,102122,46051,46171,120,BAB - CIENCIAS BIOLÓGICAS,278/2025,Alto,4,46091,Material,9999,Itens diversos,3488.0,Peças E Acessórios Purificador Água,625121.0,"altura: 205, aplicação: purificador água hoken modelo hk 601 e hk 1000, componentes: carvão ativado, tipo: filtro refil",UN,180.0,1,180.0,82091.2,15.0
9/2026,Aprovada,,Filtros Diversos,BENS,102122,46051,46171,120,BAB - CIENCIAS BIOLÓGICAS,278/2025,Alto,5,46091,Material,9999,Itens diversos,3488.0,Peças E Acessórios Purificador Água,625120.0,"altura: 220, aplicação: purificador água ibbl modelo bdf 300, componentes: fibra de polipropileno, tipo: filtro refil",UN,130.0,1,130.0,82091.2,15.0
9/2026,Aprovada,,Filtros Diversos,BENS,102122,46051,46171,120,BAB - CIENCIAS BIOLÓGICAS,278/2025,Alto,6,46091,Material,9999,Itens diversos,3488.0,Peças E Acessórios Purificador Água,625161.0,"altura: 5, aplicação: ponto de entrada (poe), características adicionais: conexões: 3/4 (rosca metálica), tipo 1: carcaça de filtro em polipropileno""",UN,120.0,1,120.0,82091.2,15.0
9/2026,Aprovada,,Filtros Diversos,BENS,102122,46051,46171,120,BAB - CIENCIAS BIOLÓGICAS,278/2025,Alto,7,46091,Material,9999,Itens diversos,3488.0,Peças E Acessórios Purificador Água,618426.0,"aplicação: purificador millipore, referência: cdrc60202, tipo: cartucho deionização",UN,3500.0,1,3500.0,82091.2,15.0
9/2026,Aprovada,,Filtros Diversos,BENS,102122,46051,46171,120,BAB - CIENCIAS BIOLÓGICAS,278/2025,Alto,8,46091,Material,9999,Itens diversos,3488.0,Peças E Acessórios Purificador Água,618273.0,"aplicação: purificador de água colormaq premium, capacidade deionização: 48, características adicionais: vida útil: 3.000 litros, componentes: carvão ativado, tipo: filtro refil",UN,1505.0,1,1505.0,82091.2,15.0
9/2026,Aprovada,,Filtros Diversos,BENS,102122,46051,46171,120,BAB - CIENCIAS BIOLÓGICAS,278/2025,Alto,9,46091,Material,9999,Itens diversos,3488.0,Peças E Acessórios Purificador Água,618503.0,"aplicação: filtro elix 35, características adicionais: com retentor de co2, referência 1: tankvnt02, marca millipore, tipo 1: filtro para respiro de tanque de água",UN,1661.0,1,1661.0,82091.2,15.0
9/2026,Aprovada,,Filtros Diversos,BENS,102122,46051,46171,120,BAB - CIENCIAS BIOLÓGICAS,278/2025,Alto,1,46091,Serviço,872,Serviços De Reparo De Outros Bens,,,14460.0,Aferição e/ou Calibração de Sensores,,1800.0,1,1800.0,82091.2,15.0
9/2026,Aprovada,,Filtros Diversos,BENS,102122,46051,46171,120,BAB - CIENCIAS BIOLÓGICAS,238/2025,Alto,1,46157,Serviço,872,SERVIÇOS DE REPARO DE OUTROS BENS,,,14427.0,"AFERIÇÃO, CALIBRAÇÃO E MEDIÇÃO DE MÁQUINAS / INSTRUMENTOS  /SENSORES / PADRÕES / EQUIPAMENTOS",,2100.0,2,4200.0,82091.2,15.0
9/2026,Aprovada,,Filtros Diversos,BENS,102122,46051,46171,120,CIP,247/2025,Baixo,1,46083,Material,9150,"Óleos e graxas para corte, lubrificação e sistemas  hidráulicos",,,,,,5000.0,1,5000.0,82091.2,15.0
10/2026,Aprovada,,Ferramentas e  itens de manutenção,BENS,102122,46113,46233,120,Biotério,136/2025,Alto,1,46142,Material,4720,MANGUEIRAS E TUBULAÇÕES FLEXÍVEIS,13821.0,MANGUEIRA,,,,6196.0,1,6196.0,120696.0,189.0
10/2026,Aprovada,,Ferramentas e  itens de manutenção,BENS,102122,46113,46233,120,ATA - ADMINISTRACAO,187/2025,Baixo,1,46111,Material,4730,"Acessórios e ferragens especiais para  mangueiras, canos  e tubos",,,,,,20000.0,1,20000.0,120696.0,189.0
10/2026,Aprovada,,Ferramentas e  itens de manutenção,BENS,102122,46113,46233,120,ATA - ADMINISTRACAO,187/2025,Baixo,2,46111,Material,4710,Canos e tubos,,,,,,30000.0,1,30000.0,120696.0,189.0
10/2026,Aprovada,,Ferramentas e  itens de manutenção,BENS,102122,46113,46233,120,ATA - ADMINISTRACAO,187/2025,Baixo,3,46111,Material,5330,Gaxetas e outros materiais para vedação,,,,,,20000.0,1,20000.0,120696.0,189.0
10/2026,Aprovada,,Ferramentas e  itens de manutenção,BENS,102122,46113,46233,120,ATA - ADMINISTRACAO,206/2025,Baixo,1,46101,Material,4710,Canos E Tubos,14495.0,Tubo Metalon,,,,15000.0,1,15000.0,120696.0,189.0
10/2026,Aprovada,,Ferramentas e  itens de manutenção,BENS,102122,46113,46233,120,ATA - ADMINISTRACAO,206/2025,Baixo,2,46101,Material,5345,Discos e pedras abrasivos,,,,,,6000.0,1,6000.0,120696.0,189.0
10/2026,Aprovada,,Ferramentas e  itens de manutenção,BENS,102122,46113,46233,120,ATA - ADMINISTRACAO,206/2025,Baixo,3,46101,Material,4510,Dispositivos e acessórios para instalações hidráulicas,,,,,,8000.0,1,8000.0,120696.0,189.0
10/2026,Aprovada,,Ferramentas e  itens de manutenção,BENS,102122,46113,46233,120,ATA - ADMINISTRACAO,212/2025,Baixo,3,46111,Material,5350,Materiais Abrasivos,,,,,,1500.0,1,1500.0,120696.0,189.0
10/2026,Aprovada,,Ferramentas e  itens de manutenção,BENS,102122,46113,46233,120,ATA - ADMINISTRACAO,217/2025,Baixo,1,46114,Material,5120,"Ferramentas manuais sem corte, não acionadas  por  força  motriz",,,,,,6000.0,1,6000.0,120696.0,189.0
10/2026,Aprovada,,Ferramentas e  itens de manutenção,BENS,102122,46113,46233,120,ATA - ADMINISTRACAO,217/2025,Baixo,2,46114,Material,5130,Ferramentas Manuais Acionadas Por Força Motriz,,,,,,8000.0,1,8000.0,120696.0,189.0
13/2026,Aprovada,,Material de Pintura,BENS,102122,45974,46094,120,ATA - ADMINISTRACAO,212/2025,Baixo,1,46111,Material,8010,"Tintas, vernizes e produtos correlatos",,,,,,15000.0,1,15000.0,16500.0,120.0
13/2026,Aprovada,,Material de Pintura,BENS,102122,45974,46094,120,ATA - ADMINISTRACAO,212/2025,Baixo,2,46111,Material,8020,Pincel para artistas e pintores,,,,,,1500.0,1,1500.0,16500.0,120.0
14/2026,Aprovada,,Vestuário,BENS,102122,46190,46310,120,ATAC - ACADEMICA,102/2025,Médio,1,46173,Material,8405,Vestuário externo masculino,,,,,,24000.0,1,24000.0,55000.0,396.0
14/2026,Aprovada,,Vestuário,BENS,102122,46190,46310,120,ATA - ADMINISTRACAO,235/2025,Alto,1,46063,Material,6640,Equipamentos e artigos de laboratório,,,,,,25000.0,1,25000.0,55000.0,396.0
14/2026,Aprovada,,Vestuário,BENS,102122,46190,46310,120,ATA - ADMINISTRACAO,244/2025,Médio,1,46083,Material,8415,Vestuário para fins especiais,,,,,,6000.0,1,6000.0,55000.0,396.0
15/2026,Aprovada,,Materiais de Laboratório Orto e Fono,BENS,102122,46051,46171,120,BAO - ODONTOP. ORTO. S COLETIVA,85/2025,Médio,4,46111,Material,5133,"Brocas, Alargadores, Escariadores, Manuais E Para Uso Em  Máquinas",3879.0,Broca,,,,2800.0,1,2800.0,13200.0,175.0
15/2026,Aprovada,,Materiais de Laboratório Orto e Fono,BENS,102122,46051,46171,120,BAO - ODONTOP. ORTO. S COLETIVA,85/2025,Médio,1,46111,Serviço,881,Serviços de manufatura em insumos físicos que sao propriedade de outros(exceto maquinaria e equipamento),,,18880.0,Confecção artefato em resina,,280.0,5,1400.0,13200.0,175.0
15/2026,Aprovada,,Materiais de Laboratório Orto e Fono,BENS,102122,46051,46171,120,BAO - ODONTOP. ORTO. S COLETIVA,85/2025,Médio,2,46111,Serviço,881,Serviços de manufatura em insumos físicos que sao propriedade de outros(exceto maquinaria e equipamento),,,18880.0,Confecção artefato em resina,,280.0,5,1400.0,13200.0,175.0
15/2026,Aprovada,,Materiais de Laboratório Orto e Fono,BENS,102122,46051,46171,120,CLINICA DE FONOAUDIOLOGIA,305/2025,Médio,1,46125,Material,6520,"Instrumentos, Equipamentos E Suprimentos Dentários",3888.0,Broca Baixa Rotação,,,,2000.0,1,2000.0,13200.0,175.0
15/2026,Aprovada,,Materiais de Laboratório Orto e Fono,BENS,102122,46051,46171,120,CLINICA DE FONOAUDIOLOGIA,305/2025,Médio,2,46125,Material,5350,Materiais Abrasivos,585.0,Lixa,,,,3500.0,1,3500.0,13200.0,175.0
15/2026,Aprovada,,Materiais de Laboratório Orto e Fono,BENS,102122,46051,46171,120,CLINICA DE FONOAUDIOLOGIA,305/2025,Médio,3,46125,Material,6515,"Instrumentos, Equipamentos E Suprimentos Médicos  E  Cirúrgicos",,,,,,2100.0,1,2100.0,13200.0,175.0
17/2026,Aprovada,,Material médico hospitalar almox,BENS,102122,46118,46237,119,ALMOXARIFADO,174/2025,Médio,2,46235,Material,6515,"INSTRUMENTOS, EQUIPAMENTOS E SUPRIMENTOS MÉDICOS  E  CIRÚRGICOS",,,,,,300000.0,1,300000.0,302739.0,167.0
17/2026,Aprovada,,Material médico hospitalar almox,BENS,102122,46118,46237,119,BAB - CIENCIAS BIOLÓGICAS,196/2025,Alto,1,46055,Material,6515,"INSTRUMENTOS, EQUIPAMENTOS E SUPRIMENTOS MÉDICOS  E  CIRÚRGICOS",17428.0,SERINGA,439688.0,"ADICIONAL: GRADUADA, NUMERADA, APRESENTAÇÃO: EMBALAGEM INDIVIDUAL, CAPACIDADE: 5, ESTERILIDADE: ESTÉRIL, DESCARTÁVEL, MATERIAL: POLIPROPILENO, TIPO AGULHA: C/ AGULHA 22 G X 1, TIPO BICO: BICO CENTRAL LUER LOCK OU SLIP, TIPO VEDAÇÃO: ÊMBOLO DE BORRACHA""",UN,0.45,700,315.0,302739.0,167.0
17/2026,Aprovada,,Material médico hospitalar almox,BENS,102122,46118,46237,119,BAB - CIENCIAS BIOLÓGICAS,196/2025,Alto,2,46055,Material,6515,"Instrumentos, equipamentos e suprimentos médicos  e  cirúrgicos",17428.0,Seringa,439641.0,"adicional: graduada, numerada, apresentação: embalagem individual, capacidade: 10, componente adicional: c/ sistema segurança segundo nr/32, esterilidade: estéril, descartável, material: polipropileno, tipo bico: bico central luer lock ou slip, tipo vedação: êmbolo de borracha",UN,0.5,100,50.0,302739.0,167.0
17/2026,Aprovada,,Material médico hospitalar almox,BENS,102122,46118,46237,119,BAB - CIENCIAS BIOLÓGICAS,196/2025,Alto,3,46055,Material,6515,"Instrumentos, Equipamentos E Suprimentos Médicos  E  Cirúrgicos",2171.0,Agulha Hipodérmica,,,,564.0,1,564.0,302739.0,167.0
17/2026,Aprovada,,Material médico hospitalar almox,BENS,102122,46118,46237,119,BAB - CIENCIAS BIOLÓGICAS,196/2025,Alto,4,46055,Material,6515,"Instrumentos, equipamentos e suprimentos médicos  e  cirúrgicos",13092.0,Tubo para coleta de amostra biológica,,,,370.0,1,370.0,302739.0,167.0
17/2026,Aprovada,,Material médico hospitalar almox,BENS,102122,46118,46237,119,BAB - CIENCIAS BIOLÓGICAS,196/2025,Alto,6,46055,Material,6515,"Instrumentos, Equipamentos E Suprimentos Médicos  E  Cirúrgicos",3701.0,Cateter Periférico,625221.0,"aplicação: venoso, componente 1: câmara refluxo c/ filtro, componente 2: c/ sistema segurança segundo nr/32, comprimento: cerca 25, conector: conector padrão, diametro: 20, material agulha: agulha aço inox, material cateter: polímero radiopaco, tipo uso: estéril, descartável, embalagem individual",UN,0.6,150,90.0,302739.0,167.0
17/2026,Aprovada,,Material médico hospitalar almox,BENS,102122,46118,46237,119,BAB - CIENCIAS BIOLÓGICAS,196/2025,Alto,8,46055,Material,6515,"Instrumentos, equipamentos e suprimentos médicos  e  cirúrgicos",,,,,,1350.0,1,1350.0,302739.0,167.0
61/2026,Aprovada,,Projeto Integração Interdisciplinar no Diagnóstico e Tratamento de Distúrbios  de respiração,BENS,102122,45964,46083,119,BAF - FONOAUDIOLOGIA,361/2025,Médio,1,46082,Material,6515,"Instrumentos, equipamentos e suprimentos médicos  e  cirúrgicos",11752.0,Rinoscopio,,,,150000.0,1,150000.0,372500.0,272.0
61/2026,Aprovada,,Projeto Integração Interdisciplinar no Diagnóstico e Tratamento de Distúrbios  de respiração,BENS,102122,45964,46083,119,BAF - FONOAUDIOLOGIA,361/2025,Médio,2,46082,Material,6515,"Instrumentos, equipamentos e suprimentos médicos  e  cirúrgicos",7717.0,Fonte de luz fria,,,,60000.0,1,60000.0,372500.0,272.0
61/2026,Aprovada,,Projeto Integração Interdisciplinar no Diagnóstico e Tratamento de Distúrbios  de respiração,BENS,102122,45964,46083,119,BAF - FONOAUDIOLOGIA,361/2025,Médio,3,46082,Material,6515,"Instrumentos, equipamentos e suprimentos médicos  e  cirúrgicos",2085.0,Adaptador,,,,7000.0,1,7000.0,372500.0,272.0
61/2026,Aprovada,,Projeto Integração Interdisciplinar no Diagnóstico e Tratamento de Distúrbios  de respiração,BENS,102122,45964,46083,119,BAF - FONOAUDIOLOGIA,361/2025,Médio,4,46082,Material,6515,"Instrumentos, equipamentos e suprimentos médicos  e  cirúrgicos",19843.0,Endoscópio rígido,,,,25500.0,1,25500.0,372500.0,272.0
61/2026,Aprovada,,Projeto Integração Interdisciplinar no Diagnóstico e Tratamento de Distúrbios  de respiração,BENS,102122,45964,46083,119,BAF - FONOAUDIOLOGIA,361/2025,Médio,5,46082,Material,6515,"Instrumentos, Equipamentos E Suprimentos Médicos  E  Cirúrgicos",7145.0,Aparelho Ultrassonografia,,,,130000.0,1,130000.0,372500.0,272.0
16/2026,Aprovada,,Descartáveis Hospitalar Almox,BENS,102122,45964,46083,119,ALMOXARIFADO,174/2025,Médio,1,46235,Material,6532,VESTUÁRIO HOSPITALAR E CIRÚRGICO E ITENS CORRELATOS DE  FINALIDADES ESPECIAIS,,,,,,100000.0,1,100000.0,165000.0,173.0
16/2026,Aprovada,,Descartáveis Hospitalar Almox,BENS,102122,45964,46083,119,CME - CENTRAL MATERIAL ESTERILIZACAO,260/2025,Médio,1,46054,Material,6520,"Instrumentos, equipamentos e suprimentos dentários",,,,,,55000.0,1,55000.0,165000.0,173.0
16/2026,Aprovada,,Descartáveis Hospitalar Almox,BENS,102122,45964,46083,119,CME - CENTRAL MATERIAL ESTERILIZACAO,261/2025,Médio,1,46055,Material,8105,Sacos e bolsas,,,,,,10000.0,1,10000.0,165000.0,173.0
62/2026,Aprovada,,Projeto Impact Lab - aquisição de equipamentos,BENS,102122,45964,46083,119,BAF - FONOAUDIOLOGIA,362/2025,Médio,1,46082,Material,5965,"Fones, microfones e alto-falantes",14704.0,Telefone Cabeça,420854.0,"características adicionais: conexão headset ao computador, tipo: headset com cabo qd (quiq-disconet), tipo acionamento: liga/desliga com um toque, tipo conector: usb",UN,4499.0,6,26994.0,440790.0,279.0
62/2026,Aprovada,,Projeto Impact Lab - aquisição de equipamentos,BENS,102122,45964,46083,119,BAF - FONOAUDIOLOGIA,362/2025,Médio,2,46082,Material,5895,Equipamentos diversos para comunicações,18514.0,Transceiver,628537.0,"aplicação: redes de dados, características adicionais: cabeamento ótico com conector lc duplex, distância: até 10, tipo: modulo sfp (small for-factor pluggable)",UN,299.0,6,1794.0,440790.0,279.0
62/2026,Aprovada,,Projeto Impact Lab - aquisição de equipamentos,BENS,102122,45964,46083,119,BAF - FONOAUDIOLOGIA,362/2025,Médio,3,46082,Material,6540,"Equipamentos, instrumentos e suprimentos oftalmológicos",13999.0,Sistema De Lentes Para Equipamento Oftalmológico,612103.0,"ajuste: ajustável, rotação 360°, aplicação: amplificação do campo visual, compatibilidade: compatível c/ microscópio cirúrgico, modelo: de não contato, tipo: grande ocular",UN,269.0,6,1614.0,440790.0,279.0
62/2026,Aprovada,,Projeto Impact Lab - aquisição de equipamentos,BENS,102122,45964,46083,119,BAF - FONOAUDIOLOGIA,362/2025,Médio,4,46082,Material,5965,"Fones, microfones e alto-falantes",7703.0,Fone Ouvido,626457.0,"acoplamento auricular: circumaural (over-ear), aplicação: áudio, características adicionais: almofadas com espuma, comprimento fio: 3, freqüência: 10 hz - 25, impedância: 32, modelo: sh450, sensibilidade: 113, tipo: over ear",UN,2299.0,6,13794.0,440790.0,279.0
62/2026,Aprovada,,Projeto Impact Lab - aquisição de equipamentos,BENS,102122,45964,46083,119,BAF - FONOAUDIOLOGIA,362/2025,Médio,5,46082,Material,5965,"Fones, microfones e alto-falantes",7703.0,Fone Ouvido,628093.0,"aplicação: transceptores portáteis apx 900, 7000 e 8000, características adicionais: código original do fone rln6242, comprimento fio: 0,50, tipo: intra auricular",UN,509.0,6,3054.0,440790.0,279.0
62/2026,Aprovada,,Projeto Impact Lab - aquisição de equipamentos,BENS,102122,45964,46083,119,BAF - FONOAUDIOLOGIA,362/2025,Médio,6,46082,Material,7050,Equipamentos De Rede De Tic - Local E Remota,237.0,Roteador,614914.0,"características adicionais: 4 antenas cobertura até 200m, protocolo lan: 4 portas lan 10, protocolo wan: 1 porta 10/100/1000mbps, recurso segurança: wpa - wpa2 - wps, tensão alimentação: 110/220, tipo arquitetura: dual band: padrão wifi 2,4ghz (até 400mbps) e 5ghz, tipo linha: ip sem fio, velocidade: 1.266",UN,291.0,6,1746.0,440790.0,279.0
62/2026,Aprovada,,Projeto Impact Lab - aquisição de equipamentos,BENS,102122,45964,46083,119,BAF - FONOAUDIOLOGIA,362/2025,Médio,7,46082,Material,7010,Computadores,19246.0,Tablet,620677.0,"armazenamento externo: sem armazenamento externo, armazenamento interno: superior a 32, conectividade: wi-fi / 5g / bluetooth, câmera frontal: superior a 8, câmera traseira: 8,1 a 13, memória ram: mínimo 8, processador: octa core ou superior, sistema operacional: open source, tela: superior a 10",UN,1299.0,6,7794.0,440790.0,279.0
62/2026,Aprovada,,Projeto Impact Lab - aquisição de equipamentos,BENS,102122,45964,46083,119,BAF - FONOAUDIOLOGIA,363/2025,Baixo,1,46082,Serviço,891,"Serviços De Reprodução, Publicação E Impressão",,,15458.0,Produção Obra Audiovisual,,64000.0,3,192000.0,440790.0,279.0
62/2026,Aprovada,,Projeto Impact Lab - aquisição de equipamentos,BENS,102122,45964,46083,119,BAF - FONOAUDIOLOGIA,364/2025,Médio,1,46082,Serviço,963,Serviços Relacionados Com Atores E Outros Artistas,,,15830.0,Apresentação Artística / Musical / Canto / Coral,,12000.0,16,192000.0,440790.0,279.0
20/2026,Aprovada,,Copa e Cozinha Almox,BENS,102122,46118,46237,119,ALMOXARIFADO,119/2025,Médio,1,46174,Material,8955,"CAFÉ, CHÁ E CHOCOLATE",,,,,,100000.0,1,100000.0,137000.0,161.0
20/2026,Aprovada,,Copa e Cozinha Almox,BENS,102122,46118,46237,119,ALMOXARIFADO,119/2025,Médio,2,46174,Material,8940,ALIMENTOS ESPECIAIS DIETÉTICOS E PREPARADOS ALIMENTÍCIOS,,,,,,2500.0,1,2500.0,137000.0,161.0
20/2026,Aprovada,,Copa e Cozinha Almox,BENS,102122,46118,46237,119,ALMOXARIFADO,119/2025,Médio,3,46174,Material,8925,"AÇÚCAR, CONFEITOS, CASTANHAS, NOZES E SIMILARES",,,,,,9000.0,1,9000.0,137000.0,161.0
20/2026,Aprovada,,Copa e Cozinha Almox,BENS,102122,46118,46237,119,ALMOXARIFADO,119/2025,Médio,4,46174,Material,8540,ARTIGOS DE PAPEL PARA HIGIENE,,,,,,10000.0,1,10000.0,137000.0,161.0
20/2026,Aprovada,,Copa e Cozinha Almox,BENS,102122,46118,46237,119,ALMOXARIFADO,119/2025,Médio,5,46174,Material,7350,LOUÇA E ARTIGOS DE MESA,,,,,,10000.0,1,10000.0,137000.0,161.0
20/2026,Aprovada,,Copa e Cozinha Almox,BENS,102122,46118,46237,119,ALMOXARIFADO,119/2025,Médio,6,46174,Material,7930,COMPOSTOS E PREPARADOS PARA LIMPEZA E POLIMENTO,,,,,,2000.0,1,2000.0,137000.0,161.0
20/2026,Aprovada,,Copa e Cozinha Almox,BENS,102122,46118,46237,119,ALMOXARIFADO,119/2025,Médio,7,46174,Material,8135,MATERIAIS A GRANEL PARA ACONDICIONAMENTO E EMBALAGEM,,,,,,2000.0,1,2000.0,137000.0,161.0
20/2026,Aprovada,,Copa e Cozinha Almox,BENS,102122,46118,46237,119,ALMOXARIFADO,119/2025,Médio,8,46174,Material,7920,"VASSOURAS, ESCOVAS, RODOS, ESPONJAS E ESFREGÕES",,,,,,1500.0,1,1500.0,137000.0,161.0
63/2026,Aprovada,,Edita PRPI microscópio Leica,BENS,102122,45964,46083,119,BAB - CIENCIAS BIOLÓGICAS,367/2025,Médio,1,46082,Material,6640,Equipamentos E Artigos De Laboratório,7059.0,Microscópio,,,,5000000.0,1,5000000.0,5000000.0,271.0
66/2026,Aprovada,,Projeto Conecta - Edital,BENS,102122,45964,46083,119,BAF - FONOAUDIOLOGIA,366/2025,Médio,1,46082,Material,7080,"Peças, acessórios e ferramentas para redes de tic",,,,,,776626.0,1,776626.0,826826.0,262.0
66/2026,Aprovada,,Projeto Conecta - Edital,BENS,102122,45964,46083,119,BAF - FONOAUDIOLOGIA,366/2025,Médio,2,46082,Material,7060,Peças e acessórios para computadores,,,,,,31200.0,1,31200.0,826826.0,262.0
66/2026,Aprovada,,Projeto Conecta - Edital,BENS,102122,45964,46083,119,BAF - FONOAUDIOLOGIA,366/2025,Médio,1,46082,Serviço,872,Serviços de reparo de outros bens,,,14435.0,Aferição e/ou calibragem de máquina universal de ensaios,,8000.0,2,16000.0,826826.0,262.0
66/2026,Aprovada,,Projeto Conecta - Edital,BENS,102122,45964,46083,119,BAF - FONOAUDIOLOGIA,366/2025,Médio,2,46082,Serviço,141,"Serviços de telefonia  fixa comutada  (stfc),  telecomunica-ções móveis (smp) e telecomunicações satelitais",,,27910.0,Acesso à internet móvel - internet patrocinada,,3000.0,1,3000.0,826826.0,262.0
65/2026,Aprovada,,Projeto Inovação Tecnológica na Odonto reabilitadora - Prótese,BENS,102122,45964,46083,119,BAP - Prótese e Periodontia,365/2025,Médio,1,46082,Material,7040,EQUIPAMENTOS DE ENTRADA DE DADOS,238.0,SCANNER,623997.0,"APLICAÇÃO: DIGITALIZAÇÃO DE LIVROS, FORMATO: A3, INTERFACE: USB 2.0, RESOLUÇÃO ÓTICA: 300, TENSÃO ALIMENTAÇÃO: BIVOLT, TIPO: PLANETÁRIO, TIPO ALIMENTADOR PAPEL: MANUAL, VELOCIDADE DIGITALIZAÇÃO: 1,5 PPS",UN,109985.0,5,549925.0,1010212.0,266.0
65/2026,Aprovada,,Projeto Inovação Tecnológica na Odonto reabilitadora - Prótese,BENS,102122,45964,46083,119,BAP - Prótese e Periodontia,365/2025,Médio,2,46082,Material,7090,Suprimentos de informática - tic,8320.0,Impressora 3d,,,,131480.0,1,131480.0,1010212.0,266.0
65/2026,Aprovada,,Projeto Inovação Tecnológica na Odonto reabilitadora - Prótese,BENS,102122,45964,46083,119,BAP - Prótese e Periodontia,365/2025,Médio,3,46082,Material,3417,Máquinas De Fresar,9284.0,Fresadora,,,,229830.0,1,229830.0,1010212.0,266.0
65/2026,Aprovada,,Projeto Inovação Tecnológica na Odonto reabilitadora - Prótese,BENS,102122,45964,46083,119,BAP - Prótese e Periodontia,365/2025,Médio,4,46082,Material,6520,"Instrumentos, equipamentos e suprimentos dentários",,,,,,98977.0,1,98977.0,1010212.0,266.0
21/2026,Devolvida,,Obra Vestiário Clínica de Fono,SERVICOS,102122,46146,46266,120,OBRAS,226/2025,Alto,1,46266,Serviço,541,Serviços gerais de construção dos edifícios,,,,,,248112.5,1,248112.5,248112.5,
24/2026,Aprovada,,Obra Fluxo Digital Dentística,SERVICOS,102122,45994,46174,180,OBRAS,207/2025,Médio,1,46174,Serviço,545,Tipos especiais de serviços de construção,,,1627.0,Manutenção / reforma predial,,25000.0,1,25000.0,55000.0,116.0
24/2026,Aprovada,,Obra Fluxo Digital Dentística,SERVICOS,102122,45994,46174,180,OBRAS,272/2025,Alto,1,46204,Serviço,545,Tipos especiais de serviços de construção,,,19224.0,Construção / manutenção / reforma - telhado,,30000.0,1,30000.0,55000.0,116.0
23/2026,Aprovada,,Obras Pequenos Reparos,SERVICOS,102122,45966,46146,180,OBRAS,222/2025,Médio,1,46143,Serviço,545,TIPOS ESPECIAIS DE SERVIÇOS DE CONSTRUÇÃO,,,19224.0,CONSTRUÇÃO / MANUTENÇÃO / REFORMA - TELHADO,,55000.0,1,55000.0,205000.0,347.0
23/2026,Aprovada,,Obras Pequenos Reparos,SERVICOS,102122,45966,46146,180,OBRAS,224/2025,Médio,1,46174,Serviço,545,Tipos especiais de serviços de construção,,,19224.0,Construção / manutenção / reforma - telhado,,50000.0,1,50000.0,205000.0,347.0
23/2026,Aprovada,,Obras Pequenos Reparos,SERVICOS,102122,45966,46146,180,OBRAS,332/2025,Médio,1,46127,Serviço,545,TIPOS ESPECIAIS DE SERVIÇOS DE CONSTRUÇÃO,,,,,,100000.0,1,100000.0,205000.0,347.0
25/2026,Devolvida,,Projeto Ampliação e Reforma Bloco Didático I,SERVICOS,102122,45933,46113,180,OBRAS,294/2025,Alto,1,46082,Serviço,831,Serviços De Consultoria E De Gerência/Gestão,,,78.0,Estudos e Projetos de Arquitetura,,108000.0,1,108000.0,173000.0,
25/2026,Devolvida,,Projeto Ampliação e Reforma Bloco Didático I,SERVICOS,102122,45933,46113,180,OBRAS,327/2025,Alto,1,46332,Serviço,831,Serviços de consultoria e de gerência/gestão,,,78.0,Estudos e projetos de arquitetura,,65000.0,1,65000.0,173000.0,
26/2026,Aprovada,,ARP Pequenos Serviços de Engenharia,SERVICOS,102122,45874,46051,177,OBRAS,331/2025,Médio,1,46218,Serviço,545,TIPOS ESPECIAIS DE SERVIÇOS DE CONSTRUÇÃO,,,,,,100000.0,1,100000.0,100000.0,295.0
27/2026,Aprovada,,Serviços Análise Estrutura Predial,SERVICOS,102122,45875,46055,180,OBRAS,117/2025,Alto,1,46054,Serviço,833,Serviços de engenharia,,,,,,120000.0,1,120000.0,120000.0,113.0
28/2026,Aprovada,,ARP  Marcenaria,BENS,102122,45993,46113,120,ATA - ADMINISTRACAO,202/2025,Baixo,1,46122,Material,5530,COMPENSADOS E FOLHEADOS,5396.0,COMPENSADO MADEIRA,,,,25000.0,1,25000.0,25000.0,158.0
30/2026,Aprovada,,ARP Informática,BENS,102122,46209,46329,120,BAE - ESTOMATO. CIRU. RADIO. PATO,36/2025,Médio,1,46143,Material,6508,Cosméticos E Artigos De Toucador De Natureza Medicinal,2238.0,Álcool Isopropílico,,,,2000.0,1,2000.0,50941.5,136.0
30/2026,Aprovada,,ARP Informática,BENS,102122,46209,46329,120,BAE - ESTOMATO. CIRU. RADIO. PATO,36/2025,Médio,2,46143,Material,6850,ESPECIALIDADES QUÍMICAS DIVERSAS,11674.0,RESINA,,,,13000.0,1,13000.0,50941.5,136.0
30/2026,Aprovada,,ARP Informática,BENS,102122,46209,46329,120,BAE - ESTOMATO. CIRU. RADIO. PATO,78/2025,Médio,2,46174,Material,7030,Equipamentos de armazenamento de dados,,,,,,2000.0,1,2000.0,50941.5,136.0
30/2026,Aprovada,,ARP Informática,BENS,102122,46209,46329,120,CLINICA DE FONOAUDIOLOGIA,100/2025,Médio,1,46063,Material,7090,SUPRIMENTOS DE INFORMÁTICA - TIC,,,,,,1510.0,1,1510.0,50941.5,136.0
30/2026,Aprovada,,ARP Informática,BENS,102122,46209,46329,120,CLINICA DE FONOAUDIOLOGIA,100/2025,Médio,2,46063,Material,7030,Equipamentos de armazenamento de dados,17653.0,Disco rígido removível,,,,520.0,1,520.0,50941.5,136.0
30/2026,Aprovada,,ARP Informática,BENS,102122,46209,46329,120,CLINICA DE FONOAUDIOLOGIA,100/2025,Médio,3,46063,Material,5965,"Fones, Microfones E Alto-Falantes",7703.0,Fone Ouvido,,,,1231.5,1,1231.5,50941.5,136.0
30/2026,Aprovada,,ARP Informática,BENS,102122,46209,46329,120,CLINICA DE FONOAUDIOLOGIA,100/2025,Médio,4,46063,Material,6140,Baterias recarregáveis,19206.0,Elemento de bateria chumbo-ácida,,,,1680.0,1,1680.0,50941.5,136.0
30/2026,Aprovada,,ARP Informática,BENS,102122,46209,46329,120,OBRAS,328/2025,Alto,1,46037,Serviço,929,Outros serviços de educação e treinamento,,,3832.0,Treinamento na área de engenharia,,4000.0,1,4000.0,50941.5,136.0
30/2026,Aprovada,,ARP Informática,BENS,102122,46209,46329,120,OBRAS,328/2025,Alto,2,46037,Serviço,182,SERVIÇOS DE  LICENCIAMENTO E  CONTRATOS DE TRANSFERÊNCIA DE TECNOLOGIA,,,27472.0,LICENCIAMENTO DE DIREITOS  PERMANENTES DE USO DE OUTROS SOFTWARES / PROGRAMAS DE COMPUTADOR,,25000.0,1,25000.0,50941.5,136.0
38/2026,Aprovada,,Material médico hospitalar não padronizado,BENS,102122,46161,46281,120,MICROBIOLOGIA-IMUNOLOGIA,63/2025,Médio,1,46048,Material,6510,MATERIAIS CIRÚRGICOS PARA CURATIVOS,30274.0,COMPRESSA CAMPO OPERATÓRIO,,,,1200.0,1,1200.0,17937.0,57.0
38/2026,Aprovada,,Material médico hospitalar não padronizado,BENS,102122,46161,46281,120,CLINICA DE FONOAUDIOLOGIA,93/2025,Alto,1,46081,Material,6530,"Mobiliário, equipamentos, utensílios e  suprimentos  hospitalares",18862.0,Material fonoaudiologia,,,,9430.0,1,9430.0,17937.0,57.0
38/2026,Aprovada,,Material médico hospitalar não padronizado,BENS,102122,46161,46281,120,CLINICA DE FONOAUDIOLOGIA,94/2025,Alto,1,46112,Material,6530,"Mobiliário, equipamentos, utensílios e  suprimentos  hospitalares",18862.0,Material fonoaudiologia,,,,3812.0,1,3812.0,17937.0,57.0
38/2026,Aprovada,,Material médico hospitalar não padronizado,BENS,102122,46161,46281,120,CLINICA DE FONOAUDIOLOGIA,96/2025,Alto,1,46296,Material,6840,Pesticidas e desinfetantes,2017.0,Ácido peracético,,,,3000.0,1,3000.0,17937.0,57.0
38/2026,Aprovada,,Material médico hospitalar não padronizado,BENS,102122,46161,46281,120,BAB - CIENCIAS BIOLÓGICAS,196/2025,Alto,5,46055,Material,6695,INSTRUMENTOS COMBINADOS DIVERSOS,6099.0,AGULHA LABORATÓRIO,418509.0,"COMPONENTES: C/ CONECTOR LUER, DIMENSÕES: 0,8 X 80, MATERIAL: AÇO INOX",UN,0.1,200,20.0,17937.0,57.0
38/2026,Aprovada,,Material médico hospitalar não padronizado,BENS,102122,46161,46281,120,BAB - CIENCIAS BIOLÓGICAS,196/2025,Alto,7,46055,Material,6510,Materiais Cirúrgicos Para Curativos,19965.0,Curativo Cutâneo,483379.0,"componente 1: c/ almofada fibra sintética, componente 2: base adesiva, dimensão: cerca de  10 x 15, esterilidade: uso único",UN,0.05,1500,75.0,17937.0,57.0
38/2026,Aprovada,,Material médico hospitalar não padronizado,BENS,102122,46161,46281,120,BAB - CIENCIAS BIOLÓGICAS,196/2025,Alto,10,46055,Material,6510,Materiais cirúrgicos para curativos,373.0,Compressa Gaze,622298.0,"adicional: 5 dobras, dimensões: cerca de 7,5 x 7,5, embalagem: embalagem individual, esterilidade*: estéril, uso único, gramatura: 13 fios/, material: 100% viscose",PCT,40.0,10,400.0,17937.0,57.0
39/2026,Aprovada,,Material CME,BENS,102122,46205,46325,120,CME - CENTRAL MATERIAL ESTERILIZACAO,263/2025,Médio,1,46055,Material,6810,Produtos químicos,,,,,,7000.0,1,7000.0,36500.0,53.0
39/2026,Aprovada,,Material CME,BENS,102122,46205,46325,120,CME - CENTRAL MATERIAL ESTERILIZACAO,264/2025,Médio,1,46055,Material,6550,"Substâncias para diagnóstico ""in vitro"",  reagentes,  conjuntos e jogos para teste",,,,,,21500.0,1,21500.0,36500.0,53.0
39/2026,Aprovada,,Material CME,BENS,102122,46205,46325,120,CME - CENTRAL MATERIAL ESTERILIZACAO,265/2025,Médio,1,46055,Material,7240,Recepientes para uso doméstico e comercial,,,,,,7000.0,1,7000.0,36500.0,53.0
39/2026,Aprovada,,Material CME,BENS,102122,46205,46325,120,CME - CENTRAL MATERIAL ESTERILIZACAO,264/2025,Médio,2,46055,Material,3550,Máquinas registradoras automáticas e máquinas acionadas  comfichas,13172.0,Máquina etiquetadora,,,,1000.0,1,1000.0,36500.0,53.0
40/2026,Aprovada,,Equipamento laboratório,BENS,102122,46237,46357,120,BAE - ESTOMATO. CIRU. RADIO. PATO,46/2025,Médio,1,46143,Material,6640,Equipamentos E Artigos De Laboratório,,,,,,40000.0,1,40000.0,60010.0,327.0
40/2026,Aprovada,,Equipamento laboratório,BENS,102122,46237,46357,120,BAD - DENT. ENDO. MAT ODONT.,180/2025,Alto,1,46246,Material,6640,Equipamentos E Artigos De Laboratório,,,,,,4850.0,1,4850.0,60010.0,327.0
40/2026,Aprovada,,Equipamento laboratório,BENS,102122,46237,46357,120,Biotério,300/2025,Alto,1,46142,Material,6640,EQUIPAMENTOS E ARTIGOS DE LABORATÓRIO,,,,,,4560.0,1,4560.0,60010.0,327.0
40/2026,Aprovada,,Equipamento laboratório,BENS,102122,46237,46357,120,MICROBIOLOGIA-IMUNOLOGIA,66/2025,Alto,1,46048,Material,6640,Equipamentos E Artigos De Laboratório,5787.0,Contador De Colônias,,,,5100.0,1,5100.0,60010.0,327.0
40/2026,Aprovada,,Equipamento laboratório,BENS,102122,46237,46357,120,BAE - ESTOMATO. CIRU. RADIO. PATO,371/2025,Médio,1,46112,Material,6640,EQUIPAMENTOS E ARTIGOS DE LABORATÓRIO,4663.0,CAPELA EXAUSTÃO,,,,5500.0,1,5500.0,60010.0,327.0
42/2026,Devolvida,,ARP equipamentos informática,CONTRATACOES_TIC,102122,46098,46218,120,BAF - FONOAUDIOLOGIA,27/2025,Alto,1,46023,Material,7010,COMPUTADORES,,,,,,200000.0,1,200000.0,514000.0,
42/2026,Devolvida,,ARP equipamentos informática,CONTRATACOES_TIC,102122,46098,46218,120,STI,295/2025,Médio,1,46055,Material,7010,Computadores,10293.0,Servidor,610068.0,"armazenamento sas: sem discos sas, armazenamento sata: com discos sata, armazenamento ssd: sem discos ssd, fonte alimentação: redundante (swap/hot plug), garantia on site: superior 48, interface rede lan: superior a 4, interface rede san: sem san, memória ram: 512, núcleos por processador: 15 a 20, processadores físicos: 2, sistema operacional: sem sistema operacional, tipo: rack",UN,200000.0,1,200000.0,514000.0,
42/2026,Devolvida,,ARP equipamentos informática,CONTRATACOES_TIC,102122,46098,46218,120,STI,297/2025,Médio,1,46037,Material,7010,COMPUTADORES,6661.0,MICROCOMPUTADOR,620336.0,"ARMAZENAMENTO HDD: SEM DISCO HDD, ARMAZENAMENTO SSD: ATÉ 2 TB, COMPONENTES ADICIONAIS: COM TECLADO E MOUSE, GABINETE: TORRE, GARANTIA ON SITE: 36, MEMÓRIA RAM: 32, MONITOR: SEM MONITOR, NÚCLEOS POR PROCESSADOR: SUPERIOR A 8, OUTROS RECURSOS: CONFORME EDITAL, SISTEMA OPERACIONAL: PROPRIETÁRIO",UN,10000.0,9,90000.0,514000.0,
42/2026,Devolvida,,ARP equipamentos informática,CONTRATACOES_TIC,102122,46098,46218,120,STI,297/2025,Médio,2,46037,Material,7010,Computadores,6661.0,Microcomputador,619124.0,"armazenamento hdd: sem disco hdd, armazenamento ssd: 310 a 500, componentes adicionais: com teclado e mouse, gabinete: ultracompacto, garantia on site: superior a 36, memória ram: 32, monitor: sem monitor, núcleos por processador: superior a 8, outros recursos: conforme edital, sistema operacional: proprietário",UN,12000.0,2,24000.0,514000.0,
43/2026,Devolvida,,Equipamentos Informática,CONTRATACOES_TIC,102122,45932,46052,120,BAE - ESTOMATO. CIRU. RADIO. PATO,43/2025,Médio,1,46235,Material,7020,Impressoras,8320.0,Impressora 3d,,,,5000.0,1,5000.0,66494.0,
43/2026,Devolvida,,Equipamentos Informática,CONTRATACOES_TIC,102122,45932,46052,120,BAE - ESTOMATO. CIRU. RADIO. PATO,78/2025,Médio,1,46174,Material,7090,Suprimentos de informática - tic,,,,,,10000.0,1,10000.0,66494.0,
43/2026,Devolvida,,Equipamentos Informática,CONTRATACOES_TIC,102122,45932,46052,120,ATAC - ACADEMICA,88/2025,Médio,2,46053,Material,7010,Computadores,,,,,,5500.0,1,5500.0,66494.0,
43/2026,Devolvida,,Equipamentos Informática,CONTRATACOES_TIC,102122,45932,46052,120,CLINICA DE FONOAUDIOLOGIA,106/2025,Alto,1,46112,Material,7010,Computadores,8435.0,Notebook,,,,17994.0,1,17994.0,66494.0,
43/2026,Devolvida,,Equipamentos Informática,CONTRATACOES_TIC,102122,45932,46052,120,OBRAS,328/2025,Alto,1,46037,Material,7060,Peças e acessórios para computadores,6661.0,Microcomputador,451708.0,"armazenamento hdd: 1, armazenamento ssd: 110 a 300, componentes adicionais: com teclado e mouse, garantia on site: 36, memória ram: superior a 8, monitor: 21 a 29, núcleos por processador: até 4, sistema operacional: proprietário",UN,8000.0,1,8000.0,66494.0,
43/2026,Devolvida,,Equipamentos Informática,CONTRATACOES_TIC,102122,45932,46052,120,BIBLIOTECA,57/2025,Médio,1,46111,Material,7040,EQUIPAMENTOS DE ENTRADA DE DADOS,238.0,SCANNER,623997.0,"APLICAÇÃO: DIGITALIZAÇÃO DE LIVROS, FORMATO: A3, INTERFACE: USB 2.0, RESOLUÇÃO ÓTICA: 300, TENSÃO ALIMENTAÇÃO: BIVOLT, TIPO: PLANETÁRIO, TIPO ALIMENTADOR PAPEL: MANUAL, VELOCIDADE DIGITALIZAÇÃO: 1,5 PPS",UN,10000.0,2,20000.0,66494.0,
60/2026,Aprovada,,Dedetização FOB,SERVICOS,102122,46255,46377,122,ATA - ADMINISTRACAO,111/2025,Médio,1,46304,Serviço,943,Serviços de saneamento e serviços similares,,,3417.0,Desinsetização / desratização / dedetização,,13000.0,1,13000.0,13000.0,230.0
2/2026,Devolvida,,Aquisição de drone,BENS,102122,46233,46353,120,TEC. EDUCACIONAL,339/2025,Alto,1,46129,Material,1550,Aeronaves teleguiadas,16741.0,Aeronaves Teleguiadas,600919.0,"características adicionais: câmera, controle remoto, detector obstáculos, esta, peso máximo: 570, quantidade motores: 4 motores, tamanho diagonal: 302, tipo: aeronave remotamente pilotada (drone)",UN,8000.0,1,8000.0,8000.0,9.0
3/2026,Aprovada,,Aquisição de materiais de papelaria,BENS,102122,46205,46325,120,BAE - ESTOMATO. CIRU. RADIO. PATO,26/2025,Médio,2,46174,Material,7510,Artigos para escritório,,,,,,500.0,1,500.0,165500.0,347.0
3/2026,Aprovada,,Aquisição de materiais de papelaria,BENS,102122,46205,46325,120,ALMOXARIFADO,175/2025,Médio,1,46054,Material,7510,ARTIGOS PARA ESCRITÓRIO,,,,,,150000.0,1,150000.0,165500.0,347.0
3/2026,Aprovada,,Aquisição de materiais de papelaria,BENS,102122,46205,46325,120,ATA - ADMINISTRACAO,335/2025,Médio,1,46080,Material,3610,"Equipamento para impressão, duplicação e encadernação",,,,,,15000.0,1,15000.0,165500.0,347.0
4/2026,Aprovada,,Eletrodomésticos,BENS,102122,46034,46142,108,BAE - ESTOMATO. CIRU. RADIO. PATO,26/2025,Médio,1,46174,Material,4610,EQUIPAMENTOS PARA PURIFICAÇÃO DE ÁGUA,,,,,,1600.0,1,1600.0,20967.49,8.0
4/2026,Aprovada,,Eletrodomésticos,BENS,102122,46034,46142,108,Biotério,118/2025,Alto,1,46142,Material,4110,Equipamento para refrigeração,783.0,Freezer,609362.0,"capacidade: 470, características adicionais: rodízios fibra, cor: branca, quantidade tampas: 2, temperatura operação: de 0 a -25, tensão alimentação: 110, tipo: horizontal",UN,3362.95,1,3362.95,20967.49,8.0
4/2026,Aprovada,,Eletrodomésticos,BENS,102122,46034,46142,108,Biotério,146/2025,Alto,1,46142,Material,4610,Equipamentos para purificação de água,,,,,,899.9,1,899.9,20967.49,8.0
4/2026,Aprovada,,Eletrodomésticos,BENS,102122,46034,46142,108,BAD - DENT. ENDO. MAT ODONT.,181/2025,Médio,1,46034,Material,7310,"Equipamentos para cozinhar, assar e servir alimentos",,,,,,400.0,1,400.0,20967.49,8.0
4/2026,Aprovada,,Eletrodomésticos,BENS,102122,46034,46142,108,BAD - DENT. ENDO. MAT ODONT.,188/2025,Alto,1,46024,Material,4610,Equipamentos para purificação de água,,,,,,590.0,1,590.0,20967.49,8.0
4/2026,Aprovada,,Eletrodomésticos,BENS,102122,46034,46142,108,Biotério,249/2025,Alto,1,46142,Material,7310,"Equipamentos Para Cozinhar, Assar E Servir Alimentos",1045.0,Forno Microondas,,,,569.0,1,569.0,20967.49,8.0
4/2026,Aprovada,,Eletrodomésticos,BENS,102122,46034,46142,108,TRIAGEM - URGENCIA,259/2025,Alto,1,46063,Material,4110,EQUIPAMENTO PARA REFRIGERAÇÃO,13629.0,REFRIGERADOR DOMÉSTICO,624264.0,"CAPACIDADE: 370, CARACTERÍSTICAS ADICIONAIS: PRATELEIRAS DE VIDRO REMOVÍVEL E REGULÁVEL, COR: BRANCA, TIPO: FROST FREE DUAS PORTAS, VOLTAGEM: 110",UN,3000.0,1,3000.0,20967.49,8.0
4/2026,Aprovada,,Eletrodomésticos,BENS,102122,46034,46142,108,ATA - ADMINISTRACAO,255/2025,Médio,1,46091,Material,7310,"Equipamentos para cozinhar, assar e servir alimentos",,,,,,1000.0,1,1000.0,20967.49,8.0
4/2026,Aprovada,,Eletrodomésticos,BENS,102122,46034,46142,108,Biotério,116/2025,Alto,1,46142,Material,4130,COMPONENTES DE EQUIPAMENTOS PARA REFRIGERAÇÃO E AR  CONDICIONADO,13144.0,UMIDIFICADOR E PURIFICADOR AMBIENTE,392123.0,"CAPACIDADE: 6, CARACTERÍSTICAS ADICIONAIS: TIMER PROGRAMA 7 HS/PAINEL DIGITAL/ALARME SONORO T, MATERIAL: PLÁSTICO, TIPO: ULTRASÔNICO E IONIZADOR, VOLTAGEM: 110/220",UN,2386.41,2,4772.82,20967.49,8.0
4/2026,Aprovada,,Eletrodomésticos,BENS,102122,46034,46142,108,Biotério,250/2025,Alto,1,46142,Material,4440,"Secadores, Desidratadores E Anti-Hidratadores",6123.0,Desumidificador,602163.0,"aplicação: desumidificação ambiental, capacidade: 18 litros p/dia, características adicionais: com rodizios, para ambientes de ate 300m³, voltagem: 220",UN,2386.41,2,4772.82,20967.49,8.0
8/2026,Aprovada,,Reposição Peças Autoclave,BENS,102122,45960,46080,120,ATF - FINANCEIRO,161/2025,Médio,1,46185,Serviço,871,"Serviços De Manutenção E Reparo De Produtos Fabricados De Metal,Maquinaria E Equipamentos",,,,,,56000.0,1,56000.0,291000.0,20.0
8/2026,Aprovada,,Reposição Peças Autoclave,BENS,102122,45960,46080,120,ATF - FINANCEIRO,173/2025,Médio,1,46213,Material,4230,Equipamento  Para Descontaminação E Impregnação,,,,,,235000.0,1,235000.0,291000.0,20.0
11/2026,Aprovada,,Material elétrico,BENS,102122,46203,46323,120,ATA - ADMINISTRACAO,172/2025,Médio,1,46069,Material,6145,FIOS E CABOS ELÉTRICOS,,,,,,45000.0,1,45000.0,110000.0,123.0
11/2026,Aprovada,,Material elétrico,BENS,102122,46203,46323,120,ATA - ADMINISTRACAO,172/2025,Médio,2,46069,Material,9390,PRODUTOS DIVERSOS NÃO METÁLICOS,,,,,,45000.0,1,45000.0,110000.0,123.0
11/2026,Aprovada,,Material elétrico,BENS,102122,46203,46323,120,ATA - ADMINISTRACAO,172/2025,Médio,3,46069,Material,6240,Lâmpadas elétricas,,,,,,20000.0,1,20000.0,110000.0,123.0
12/2026,Aprovada,,Peças Manutenção de Clínicas ,BENS,102122,46175,46295,120,ATA - ADMINISTRACAO,158/2025,Alto,1,46073,Material,6520,"Instrumentos, equipamentos e suprimentos dentários",,,,,,200000.0,1,200000.0,200000.0,122.0
18/2026,Aprovada,,Material Odontológico Almox ,BENS,102122,46083,46203,120,ALMOXARIFADO,171/2025,Médio,1,46203,Material,6520,"INSTRUMENTOS, EQUIPAMENTOS E SUPRIMENTOS DENTÁRIOS",,,,,,920000.0,1,920000.0,920000.0,306.0
19/2026,Aprovada,,Higiene e limpeza Almox,BENS,102122,45915,46034,119,ATA - ADMINISTRACAO,167/2025,Médio,1,46101,Material,7240,Recepientes para uso doméstico e comercial,,,,,,12000.0,1,12000.0,235800.0,166.0
19/2026,Aprovada,,Higiene e limpeza Almox,BENS,102122,45915,46034,119,ALMOXARIFADO,177/2025,Médio,1,46032,Material,8520,"SABONETES, ARTIGOS PARA BARBEAR E DENTIFRÍCIOS",,,,,,6200.0,1,6200.0,235800.0,166.0
19/2026,Aprovada,,Higiene e limpeza Almox,BENS,102122,45915,46034,119,ALMOXARIFADO,177/2025,Médio,2,46032,Material,8540,ARTIGOS DE PAPEL PARA HIGIENE,,,,,,131000.0,1,131000.0,235800.0,166.0
19/2026,Aprovada,,Higiene e limpeza Almox,BENS,102122,45915,46034,119,ALMOXARIFADO,177/2025,Médio,3,46032,Material,6810,PRODUTOS QUÍMICOS,,,,,,19000.0,1,19000.0,235800.0,166.0
19/2026,Aprovada,,Higiene e limpeza Almox,BENS,102122,45915,46034,119,ALMOXARIFADO,177/2025,Médio,4,46032,Material,6840,PESTICIDAS E DESINFETANTES,,,,,,5800.0,1,5800.0,235800.0,166.0
19/2026,Aprovada,,Higiene e limpeza Almox,BENS,102122,45915,46034,119,ALMOXARIFADO,177/2025,Médio,5,46032,Material,7920,"VASSOURAS, ESCOVAS, RODOS, ESPONJAS E ESFREGÕES",,,,,,20000.0,1,20000.0,235800.0,166.0
19/2026,Aprovada,,Higiene e limpeza Almox,BENS,102122,45915,46034,119,ALMOXARIFADO,177/2025,Médio,6,46032,Material,8105,SACOS E BOLSAS,,,,,,8500.0,1,8500.0,235800.0,166.0
19/2026,Aprovada,,Higiene e limpeza Almox,BENS,102122,45915,46034,119,ALMOXARIFADO,177/2025,Médio,7,46032,Material,7350,LOUÇA E ARTIGOS DE MESA,,,,,,18500.0,1,18500.0,235800.0,166.0
19/2026,Aprovada,,Higiene e limpeza Almox,BENS,102122,45915,46034,119,ALMOXARIFADO,177/2025,Médio,8,46032,Material,8135,MATERIAIS A GRANEL PARA ACONDICIONAMENTO E EMBALAGEM,,,,,,3000.0,1,3000.0,235800.0,166.0
19/2026,Aprovada,,Higiene e limpeza Almox,BENS,102122,45915,46034,119,ALMOXARIFADO,177/2025,Médio,9,46032,Material,8135,MATERIAIS A GRANEL PARA ACONDICIONAMENTO E EMBALAGEM,,,,,,5000.0,1,5000.0,235800.0,166.0
19/2026,Aprovada,,Higiene e limpeza Almox,BENS,102122,45915,46034,119,ALMOXARIFADO,177/2025,Médio,10,46032,Material,7330,UTENSÍLIOS E FERRAMENTAS MANUAIS DE COZINHA,,,,,,6800.0,1,6800.0,235800.0,166.0
64/2026,Aprovada,,Manutenção equipamentos laboratório edital Profa Adriana Calvo,SERVICOS,102122,45964,46083,119,BAB - CIENCIAS BIOLÓGICAS,368/2025,Baixo,1,46082,Serviço,166,Serviços de manutenção e instalação de equipamentos de tic,,,,,,168000.0,1,168000.0,168000.0,270.0
22/2026,Aprovada,,Reforma cobertura do CPC,SERVICOS,102122,45903,46083,180,OBRAS,275/2025,Médio,1,46082,Serviço,545,Tipos especiais de serviços de construção,,,19224.0,Construção / manutenção / reforma - telhado,,700000.0,1,700000.0,700000.0,118.0
32/2026,Aprovada,,ARP AASI,BENS,102122,46083,46203,120,CLINICA DE FONOAUDIOLOGIA,34/2025,Médio,1,46073,Material,6515,"Instrumentos, equipamentos e suprimentos médicos  e  cirúrgicos",30296.0,Aparelho de amplificação sonora individual - aasi,,,,2876000.0,1,2876000.0,2888960.0,110.0
32/2026,Aprovada,,ARP AASI,BENS,102122,46083,46203,120,CLINICA DE FONOAUDIOLOGIA,91/2025,Médio,1,46084,Material,6135,Baterias Nao Recarregáveis,3479.0,Bateria Não Recarregável,627243.0,"aplicação: aparelho auditivo aasi, características adicionais: c/ compatibilidade específica, sistema eletroquímico: zinco-ar, tensão nominal: 1,4",EMB,18.0,720,12960.0,2888960.0,110.0
67/2026,Aprovada,,"Projeto: fNIRS para Investigações em Neurociência Aplicada à Comunicação, Desenvolvimento e Envelhec",BENS,102122,45978,46160,182,BAF - FONOAUDIOLOGIA,378/2025,Médio,1,46111,Material,6640,Equipamentos e artigos de laboratório,1855.0,Espectrômetro,,,,850000.0,1,850000.0,850000.0,307.0
80/2026,Aprovada,,Pregão audiovisual,BENS,102122,46051,46171,120,ATAC - ACADEMICA,13/2026,Médio,1,46172,Material,5836,Equipamentos para gravação e reprodução de vídeo,,,,,,35000.0,1,35000.0,35000.0,380.0
81/2026,Aprovada,,Sistema de monitoramento e controle,BENS,102122,46051,46171,120,ATA - ADMINISTRACAO,16/2026,Médio,1,46203,Material,6350,"Sistemas Diversos De Sinalização, Alarme E Detecção Para  Segurança",,,,,,192000.0,1,192000.0,192000.0,379.0
82/2026,Aprovada,,Mobiliário em inox,BENS,102122,46147,46265,118,BAB - CIENCIAS BIOLÓGICAS,7/2026,Médio,1,46233,Material,6530,"Mobiliário, equipamentos, utensílios e  suprimentos  hospitalares",,,,,,160000.0,1,160000.0,160000.0,378.0
83/2026,Aprovada,,Colunas para espectrômetro de massa,BENS,102122,46052,46111,59,BAB - CIENCIAS BIOLÓGICAS,18/2026,Médio,1,46111,Material,6630,Instrumentos Para Análises Químicas,1855.0,Espectrômetro,604357.0,"características adicionais: controle de chamas programável e ajuste automático, componentes: torre para 8 lâmpadas, queimador de gás acetileno, modelo: com duplo feixe real e emissão de chama, tipo: absorção atômica de chama",UN,26000.0,1,26000.0,26000.0,377.0
84/2026,Aprovada,,manequins raio x,BENS,102122,46146,46265,119,BAE - ESTOMATO. CIRU. RADIO. PATO,4/2026,Médio,1,46264,Material,6910,Acessórios para treinamento,9837.0,Modelo anatômico para fins didáticos,,,,144000.0,1,144000.0,144000.0,376.0
85/2026,Aprovada,,suprimentos para rede de informática,BENS,102122,46083,46203,120,STI,8/2026,Médio,1,46203,Material,7080,"Peças, acessórios e ferramentas para redes de tic",,,,,,40000.0,1,40000.0,40000.0,375.0
86/2026,Aprovada,,Aquisição de livros didáticos,BENS,102122,46051,46171,120,BIBLIOTECA,11/2026,Médio,1,46172,Material,7610,LIVROS E FOLHETOS,19783.0,LIVRO DIDÁTICO,,,,16000.0,1,16000.0,16000.0,374.0
87/2026,Aprovada,,Serviços de emissão de passagens aéreas,SERVICOS,102122,46051,46111,60,ATF - FINANCEIRO,2/2026,Médio,1,46111,Serviço,661,Serviços De Transporte Aéreo De Passageiros,,,,,,300000.0,1,300000.0,300000.0,373.0
88/2026,Aprovada,,serviços de locação de máquinas de café,SERVICOS,102122,46237,46357,120,ATA - ADMINISTRACAO,17/2026,Médio,1,46357,Serviço,732,Serviços de leasing ou aluguel relacionados a outros bens,,,20648.0,"Locação máquinas automáticas e semi-automáticas (café, chá, algodão-doce, e outras)",,28000.0,1,28000.0,28000.0,367.0
89/2026,Aprovada,Fase Externa,projeto reforma e ampliação do CPC,SERVICOS,102122,46083,46085,2,Engenharia,3/2026,Médio,1,46203,Serviço,833,Serviços de engenharia,,,22225.0,Serviço engenharia,,47000.0,1,47000.0,47000.0,366.0
90/2026,Aprovada,,serviços de lavanderia,SERVICOS,102122,46051,46171,120,ATA - ADMINISTRACAO,14/2026,Baixo,1,46172,Serviço,853,Serviços de limpeza,,,19542.0,Prestação de serviços de lavanderia,,60000.0,1,60000.0,60000.0,365.0
91/2026,Aprovada,,equipamentos fono 2025,BENS,102122,46051,46171,120,CLINICA DE FONOAUDIOLOGIA,1/2026,Médio,1,46172,Material,6515,"Instrumentos, Equipamentos E Suprimentos Médicos  E  Cirúrgicos",1204.0,Audiômetro,,,,94000.0,1,94000.0,181000.0,370.0
91/2026,Aprovada,,equipamentos fono 2025,BENS,102122,46051,46171,120,CLINICA DE FONOAUDIOLOGIA,1/2026,Médio,2,46172,Material,6530,"Mobiliário, Equipamentos, Utensílios E  Suprimentos  Hospitalares",6807.0,Equipamento Para Teste Emissão Otoacústica,,,,67000.0,1,67000.0,181000.0,370.0
91/2026,Aprovada,,equipamentos fono 2025,BENS,102122,46051,46171,120,CLINICA DE FONOAUDIOLOGIA,1/2026,Médio,3,46172,Material,6530,"Mobiliário, Equipamentos, Utensílios E  Suprimentos  Hospitalares",6807.0,Equipamento Para Teste Emissão Otoacústica,,,,20000.0,1,20000.0,181000.0,370.0
92/2026,Aprovada,,mobiliário específico CUIDAR e CEPAR,BENS,102122,46051,46171,120,CEPAR,10/2026,Médio,1,46142,Material,7110,Mobiliário Para Escritório,,,,,,100000.0,1,100000.0,130000.0,368.0
92/2026,Aprovada,,mobiliário específico CUIDAR e CEPAR,BENS,102122,46051,46171,120,CUIDAR,20/2026,Baixo,1,46172,Material,7110,Mobiliário para escritório,,,,,,30000.0,1,30000.0,130000.0,368.0
93/2026,Aprovada,,ultrassom e laser odontológico,BENS,102122,46175,46265,90,CPC,5/2026,Médio,1,46264,Material,6640,Equipamentos e artigos de laboratório,,,,,,6000.0,1,6000.0,16000.0,382.0
93/2026,Aprovada,,ultrassom e laser odontológico,BENS,102122,46175,46265,90,CPC,12/2026,Médio,1,46172,Material,6520,"Instrumentos, equipamentos e suprimentos dentários",,,,,,10000.0,1,10000.0,16000.0,382.0
94/2026,Aprovada,,compressor para secagem de instrumentais,BENS,102122,46146,46237,91,CLINICA DE FONOAUDIOLOGIA,6/2026,Médio,1,46264,Material,4310,Bombas e compressores a vácuo,,,,,,3000.0,1,3000.0,3000.0,381.0
69/2026,Aprovada,,Reforma e adequação das Salas de Diagnóstico Audiológico da Clínica de Fonoaudiologia,SERVICOS,102122,46084,46204,120,OBRAS,379/2025,Médio,1,46266,Serviço,872,Serviços de reparo de outros bens,,,,,,35000.0,1,35000.0,315000.0,314.0
69/2026,Aprovada,,Reforma e adequação das Salas de Diagnóstico Audiológico da Clínica de Fonoaudiologia,SERVICOS,102122,46084,46204,120,OBRAS,380/2025,Médio,1,46204,Serviço,872,Serviços de reparo de outros bens,,,,,,280000.0,1,280000.0,315000.0,314.0
72/2026,Devolvida,,Reforma CIP I,SERVICOS,102122,46149,46329,180,OBRAS,382/2025,Médio,1,46082,Serviço,833,SERVIÇOS DE ENGENHARIA,,,,,,4800000.0,1,4800000.0,4800000.0,
70/2026,Aprovada,,Fluxo digital BAD,BENS,102122,45993,46113,120,BAD - DENT. ENDO. MAT ODONT.,375/2025,Alto,1,46101,Material,7010,COMPUTADORES,19246.0,TABLET,,,,10000.0,1,10000.0,260000.0,311.0
70/2026,Aprovada,,Fluxo digital BAD,BENS,102122,45993,46113,120,BAD - DENT. ENDO. MAT ODONT.,376/2025,Alto,1,46113,Material,7040,Equipamentos de entrada de dados,,,,,,220000.0,1,220000.0,260000.0,311.0
70/2026,Aprovada,,Fluxo digital BAD,BENS,102122,45993,46113,120,BAD - DENT. ENDO. MAT ODONT.,377/2025,Alto,1,46143,Material,7020,Impressoras,8320.0,Impressora 3d,,,,30000.0,1,30000.0,260000.0,311.0
71/2026,Aprovada,,Confecção e instalação da identidade visual do novo prédio do CEPAR (painéis luminosos dentro dos pa,SERVICOS,102122,46022,46142,120,CLINICA DE FONOAUDIOLOGIA,369/2025,Alto,1,46054,Material,5450,Estruturas pré-fabricadas diversas,,,,,,22820.98,1,22820.98,47900.0,309.0
71/2026,Aprovada,,Confecção e instalação da identidade visual do novo prédio do CEPAR (painéis luminosos dentro dos pa,SERVICOS,102122,46022,46142,120,CLINICA DE FONOAUDIOLOGIA,369/2025,Alto,2,46054,Material,6675,"Instrumentos de desenho, topografia e cartografia",,,,,,25079.02,1,25079.02,47900.0,309.0
68/2026,Aprovada,,Projeto Executivo pequenas obras áreas diversas,SERVICOS,102122,45992,46111,119,OBRAS,381/2025,Médio,1,46082,Serviço,839,"OUTROS SERVIÇOS DE NEGÓCIOS, TÉCNICOS E PROFISSIONAIS",,,,,,85000.0,1,85000.0,85000.0,316.0
29/2026,Aprovada,,áudio visual,BENS,102122,45964,46083,119,ATAC - ACADEMICA,88/2025,Médio,1,46053,Material,7730,"Fonógrafos, Rádios E Televisores De Tipo Doméstico",,,,,,2300.0,1,2300.0,76904.24,333.0
29/2026,Aprovada,,áudio visual,BENS,102122,45964,46083,119,ATAC - ACADEMICA,144/2025,Alto,1,46053,Material,5965,"FONES, MICROFONES E ALTO-FALANTES",,,,,,13000.0,1,13000.0,76904.24,333.0
29/2026,Aprovada,,áudio visual,BENS,102122,45964,46083,119,ATAC - ACADEMICA,197/2025,Alto,1,46053,Material,5835,Equipamentos para gravação e reprodução de som,,,,,,2958.0,1,2958.0,76904.24,333.0
29/2026,Aprovada,,áudio visual,BENS,102122,45964,46083,119,BAF - FONOAUDIOLOGIA,225/2025,Alto,1,46054,Material,5965,"FONES, MICROFONES E ALTO-FALANTES",,,,,,8000.0,1,8000.0,76904.24,333.0
29/2026,Aprovada,,áudio visual,BENS,102122,45964,46083,119,BAF - FONOAUDIOLOGIA,228/2025,Alto,1,46054,Material,6710,Câmaras Cinematográficas,1024.0,Filmadora/Monitor Portátil,,,,7000.0,1,7000.0,76904.24,333.0
29/2026,Aprovada,,áudio visual,BENS,102122,45964,46083,119,BAP - Prótese e Periodontia,321/2025,Alto,1,46053,Material,7730,"Fonógrafos, Rádios E Televisores De Tipo Doméstico",12609.0,Televisor,460902.0,"acessórios: controle remoto, características adicionais: smart tv, 4 k, wifi. entradas hdmi/usb, conversor, tamanho tela: 85, tipo tela: led, voltagem: 110/220",UN,7500.0,1,7500.0,76904.24,333.0
29/2026,Aprovada,,áudio visual,BENS,102122,45964,46083,119,TEC. EDUCACIONAL,276/2025,Alto,1,46112,Material,6720,Câmaras fotográficas,14570.0,Câmera Fotográfica Digital,615180.0,"acessórios: alça de prescoço, carregador de bateria, características adicionais: entrada de fone externo, wi-fi, bluetooth, formato gravação imagem: 4k, sensor imagem: aps-c de 24,1 megapixels, dual pixel cmos af, tipo efeitos visuais: ótico com um sistema af de 9 pontos, tipo foco: autofoco, tipo visor: lcd articulável de 3.0 touch screen, tipo zoom: optico:3x""",UN,17000.0,1,17000.0,76904.24,333.0
29/2026,Aprovada,,áudio visual,BENS,102122,45964,46083,119,TEC. EDUCACIONAL,276/2025,Alto,2,46112,Material,6720,Câmaras fotográficas,8788.0,Lente Para Câmera Fotográfica,624442.0,"abertura máxima: f6,3, distância focal: 70 - 200 mm, distância m´ínima foco: 16 cm, distância mínima foco: 16 cm, taxa ampliação: 0,24 x, tipo: 150 - 600 mm, tipo de foco: autofoco, tipo lente: zoom",UN,8000.0,1,8000.0,76904.24,333.0
29/2026,Aprovada,,áudio visual,BENS,102122,45964,46083,119,TEC. EDUCACIONAL,340/2025,Alto,1,46122,Material,5965,"FONES, MICROFONES E ALTO-FALANTES",9732.0,MICROFONE,469422.0,"ALCANCE: 50, ALIMENTAÇÃO: PILHA, APLICAÇÃO: AUDITÓRIO, RESPOSTA FREQÜÊNCIA: 60HZ - 18, TIPO: SEM FIO",UN,600.0,5,3000.0,76904.24,333.0
29/2026,Aprovada,,áudio visual,BENS,102122,45964,46083,119,TEC. EDUCACIONAL,341/2025,Alto,1,46052,Material,6760,Equipamento fotográfico e acessórios,9594.0,Memória Em Cartão Magnético,473093.0,"aplicação: armazenamento de dados, capacidade memória: 32, características adicionais: classe 10, tipo cartao: micro sd",UN,160.0,3,480.0,76904.24,333.0
29/2026,Aprovada,,áudio visual,BENS,102122,45964,46083,119,TEC. EDUCACIONAL,341/2025,Alto,2,46052,Material,6760,Equipamento fotográfico e acessórios,9594.0,Memória Em Cartão Magnético,477785.0,"aplicação: armazenamento de dados, capacidade memória: 128, características adicionais: velocidade de leitura 170 mb/s, tipo cartao: sdxc",UN,180.0,3,540.0,76904.24,333.0
29/2026,Aprovada,,áudio visual,BENS,102122,45964,46083,119,TEC. EDUCACIONAL,343/2025,Alto,1,46080,Material,6760,Equipamento Fotográfico E Acessórios,979.0,Tripé,615904.0,"altura máxima: 156,50, aplicação: câmara fotográfica ou filmadora, capacidade: 5, características adicionais: com placa de câmera deslizante com dois pinos, material: alumínio, tipo: fixo, tipo cabeça: bola de 60 mm",UN,1200.0,3,3600.0,76904.24,333.0
29/2026,Aprovada,,áudio visual,BENS,102122,45964,46083,119,TEC. EDUCACIONAL,346/2025,Médio,1,46146,Material,6760,EQUIPAMENTO FOTOGRÁFICO E ACESSÓRIOS,7635.0,FLASH,487701.0,"COMPATIBILIDADE EQUIPAMENTO: CÂMERA DIGITAL CANON, DIMENSÕES: 78 X 143,2 X 122,7, TIPO: SPEEDLITE 600 EX, TIPO ALIMENTAÇÃO: PILHA",UN,1499.0,2,2998.0,76904.24,333.0
29/2026,Aprovada,,áudio visual,BENS,102122,45964,46083,119,ATAC - ACADEMICA,374/2025,Alto,1,46053,Material,5835,Equipamentos para gravação e reprodução de som,,,,,,528.24,1,528.24,76904.24,333.0
73/2026,Aprovada,,Expansão da Casa da Afasia,SERVICOS,102122,46055,46233,178,OBRAS,384/2025,Baixo,1,46233,Serviço,833,SERVIÇOS DE ENGENHARIA,,,,,,382500.0,1,382500.0,382500.0,350.0
74/2026,Devolvida,,Reforma da rede de informática da Clínica de Fonoaudiologia,SERVICOS,102122,46090,46209,119,OBRAS,383/2025,Médio,1,46209,Serviço,833,SERVIÇOS DE ENGENHARIA,,,,,,1182000.0,1,1182000.0,1182000.0,
77/2026,Aprovada,,Reforma do anfiteatro da Odontopediatria,SERVICOS,102122,46052,46233,181,OBRAS,389/2025,Médio,1,46234,Serviço,872,Serviços de reparo de outros bens,,,,,,150000.0,1,150000.0,150000.0,354.0
78/2026,Aprovada,,Substituição da tela de projeção da Sala da Congregação.,BENS,102122,45964,46083,119,ATAC - ACADEMICA,388/2025,Alto,1,46053,Material,6730,Equipamento Para Projeção Fotográfica,,,,,,1500.0,1,1500.0,1500.0,353.0
75/2026,Aprovada,,Projeto Executivo de Ampliação do Bloco Didático I,SERVICOS,102122,45992,46111,119,OBRAS,387/2025,Alto,1,46082,Serviço,831,Serviços de consultoria e de gerência/gestão,,,,,,384000.0,1,384000.0,384000.0,352.0
76/2026,Devolvida,,Obras de Ampliação do Bloco Didático I,SERVICOS,102122,46153,46332,179,OBRAS,386/2025,Médio,1,46332,Serviço,541,Serviços gerais de construção dos edifícios,,,4545.0,Obras civis de edificações residenciais e comerciais,,7680000.0,1,7680000.0,7680000.0,
