Número da contratação,Código Classe/Grupo,Valor Total,Status da contratação,Situação da Execução,Título da contratação,Categoria da contratação,UASG Atual,Data estimada para o início do processo de contratação,Data estimada para a conclusão do processo de contratação,Prazo estimado de duração do processo de contratação (dias),Área requisitante,Nº DFD,Prioridade,Nº do Item no DFD,Data da conclusão da Contratação no DFD,Classificação da Contratação,Nome Classe/Grupo,Código PDM material,Nome do PDM material,Código material/serviço,Descrição material/serviço,Unidade Fornecimento,Valor Unitário,Quantidade,IdxValor,ID,ID Futura Contratação,Valor PCA
1/2025,871,61500,Aprovada,,Manutenção de veículos,SERVICOS,102122,45567,45687,120,ATA - ADMINISTRACAO,15/2024,Médio,1,45687,Serviço,"SERVIÇOS DE MANUTENÇÃO E REPARO DE PRODUTOS FABRICADOS DE METAL,MAQUINARIA E EQUIPAMENTOS",,,,,,61500,1,1,12,102122-1/2025,61500
1/2025,2940,23000,Aprovada,,Manutenção de veículos,SERVICOS,102122,45567,45687,120,ATA - ADMINISTRACAO,15/2024,Médio,1,45687,Material,"FILTROS DE AR E DE ÓLEO, ELEMENTOS FILTRANTES E PURIFICADO- RES DE MOTORES, EXCETO DE AERONAVES",,,,,,23000,1,1,12,102122-1/2025,23000
10/2025,6515,40000,Aprovada,,Médico-Hospitalar Almoxarifado,BENS,102122,45765,45887,122,ALMOXARIFADO,1/2024,Médio,2,45870,Material,"INSTRUMENTOS, EQUIPAMENTOS E SUPRIMENTOS MÉDICOS  E  CIRÚRGICOS",,,,,,40000,1,1,44,102122-10/2025,40000
10/2025,6532,135600,Aprovada,,Médico-Hospitalar Almoxarifado,BENS,102122,45765,45887,122,ALMOXARIFADO,1/2024,Médio,1,45870,Material,VESTUÁRIO HOSPITALAR E CIRÚRGICO E ITENS CORRELATOS DE  FINALIDADES ESPECIAIS,,,,,,135600,1,1,44,102122-10/2025,135600
11/2025,8135,1000,Aprovada,,Artigos de higiene e  limpeza Almoxarifado,BENS,102122,45743,45863,120,ALMOXARIFADO,12/2024,Médio,8,45667,Material,MATERIAIS A GRANEL PARA ACONDICIONAMENTO E EMBALAGEM,,,,,,1000,1,1,41,102122-11/2025,1000
11/2025,8135,2500,Aprovada,,Artigos de higiene e  limpeza Almoxarifado,BENS,102122,45743,45863,120,ALMOXARIFADO,12/2024,Médio,9,45667,Material,MATERIAIS A GRANEL PARA ACONDICIONAMENTO E EMBALAGEM,,,,,,2500,1,1,41,102122-11/2025,2500
11/2025,8520,5000,Aprovada,,Artigos de higiene e  limpeza Almoxarifado,BENS,102122,45743,45863,120,ALMOXARIFADO,12/2024,Médio,1,45667,Material,"SABONETES, ARTIGOS PARA BARBEAR E DENTIFRÍCIOS",,,,,,5000,1,1,41,102122-11/2025,5000
12/2025,6640,17500,Aprovada,,Produtos Químicos Convênio Harvard,BENS,102122,45552,45672,120,CONVENIO HARVARD,33/2024,Médio,2,45731,Material,EQUIPAMENTOS E ARTIGOS DE LABORATÓRIO,,,,,,17500,1,1,38,102122-12/2025,17500
12/2025,6810,65000,Aprovada,,Produtos Químicos Convênio Harvard,BENS,102122,45552,45672,120,CONVENIO HARVARD,33/2024,Médio,1,45731,Material,PRODUTOS QUÍMICOS,,,,,,65000,1,1,38,102122-12/2025,65000
12/2025,9330,1000,Aprovada,,Produtos Químicos Convênio Harvard,BENS,102122,45552,45672,120,CONVENIO HARVARD,33/2024,Médio,3,45731,Material,ARTIGOS DE PLÁSTICO,,,,,,1000,1,1,38,102122-12/2025,1000
13/2025,6810,15000,Aprovada,,Higiene e limpeza Almoxarifado,BENS,102122,45552,45672,120,ALMOXARIFADO,12/2024,Médio,3,45667,Material,PRODUTOS QUÍMICOS,,,,,,15000,1,1,32,102122-13/2025,15000
13/2025,6840,5000,Aprovada,,Higiene e limpeza Almoxarifado,BENS,102122,45552,45672,120,ALMOXARIFADO,12/2024,Médio,4,45667,Material,PESTICIDAS E DESINFETANTES,,,,,,5000,1,1,32,102122-13/2025,5000
13/2025,7330,3000,Aprovada,,Higiene e limpeza Almoxarifado,BENS,102122,45552,45672,120,ALMOXARIFADO,12/2024,Médio,10,45667,Material,UTENSÍLIOS E FERRAMENTAS MANUAIS DE COZINHA,,,,,,3000,1,1,32,102122-13/2025,3000
13/2025,7350,15000,Aprovada,,Higiene e limpeza Almoxarifado,BENS,102122,45552,45672,120,ALMOXARIFADO,12/2024,Médio,7,45667,Material,LOUÇA E ARTIGOS DE MESA,,,,,,15000,1,1,32,102122-13/2025,15000
13/2025,7920,20000,Aprovada,,Higiene e limpeza Almoxarifado,BENS,102122,45552,45672,120,ALMOXARIFADO,12/2024,Médio,5,45667,Material,"VASSOURAS, ESCOVAS, RODOS, ESPONJAS E ESFREGÕES",,,,,,20000,1,1,32,102122-13/2025,20000
13/2025,8105,7000,Aprovada,,Higiene e limpeza Almoxarifado,BENS,102122,45552,45672,120,ALMOXARIFADO,12/2024,Médio,6,45667,Material,SACOS E BOLSAS,,,,,,7000,1,1,32,102122-13/2025,7000
14/2025,8540,125000,Aprovada,,Artigos de papel higiene Almox,BENS,102122,45601,45721,120,ALMOXARIFADO,12/2024,Médio,2,45667,Material,ARTIGOS DE PAPEL PARA HIGIENE,,,,,,125000,1,1,31,102122-14/2025,125000
15/2025,8925,5000,Aprovada,,Copa e cozinha Almoxarifado,BENS,102122,45775,45895,120,ALMOXARIFADO,14/2024,Médio,3,45848,Material,"AÇÚCAR, CONFEITOS, CASTANHAS, NOZES E SIMILARES",,,,,,5000,1,1,28,102122-15/2025,5000
15/2025,8940,2500,Aprovada,,Copa e cozinha Almoxarifado,BENS,102122,45775,45895,120,ALMOXARIFADO,14/2024,Médio,2,45848,Material,ALIMENTOS ESPECIAIS DIETÉTICOS E PREPARADOS ALIMENTÍCIOS,,,,,,2500,1,1,28,102122-15/2025,2500
15/2025,8955,32500,Aprovada,,Copa e cozinha Almoxarifado,BENS,102122,45775,45895,120,ALMOXARIFADO,14/2024,Médio,1,45848,Material,"CAFÉ, CHÁ E CHOCOLATE",,,,,,32500,1,1,28,102122-15/2025,32500
16/2025,4460,13000,Aprovada,,Material de laboratório Ciências Biológicas,BENS,102122,45705,45825,120,BAB - CIENCIAS BIOLÓGICAS,32/2024,Médio,4,45809,Material,EQUIPAMENTOS PARA PURIFICAÇÃO DE AR,,,,,,13000,1,1,23,102122-16/2025,13000
16/2025,6640,6000,Aprovada,,Material de laboratório Ciências Biológicas,BENS,102122,45705,45825,120,BAB - CIENCIAS BIOLÓGICAS,32/2024,Médio,5,45809,Material,EQUIPAMENTOS E ARTIGOS DE LABORATÓRIO,,,,,,6000,1,1,23,102122-16/2025,6000
16/2025,6640,10000,Aprovada,,Material de laboratório Ciências Biológicas,BENS,102122,45705,45825,120,BAB - CIENCIAS BIOLÓGICAS,32/2024,Médio,3,45809,Material,EQUIPAMENTOS E ARTIGOS DE LABORATÓRIO,,,,,,10000,1,1,23,102122-16/2025,10000
16/2025,6640,10000,Aprovada,,Material de laboratório Ciências Biológicas,BENS,102122,45705,45825,120,BAB - CIENCIAS BIOLÓGICAS,59/2024,Médio,2,45853,Material,EQUIPAMENTOS E ARTIGOS DE LABORATÓRIO,,,,,,10000,1,2,23,102122-16/2025,10000
16/2025,6810,65000,Aprovada,,Material de laboratório Ciências Biológicas,BENS,102122,45705,45825,120,BAB - CIENCIAS BIOLÓGICAS,32/2024,Médio,1,45809,Material,PRODUTOS QUÍMICOS,,,,,,65000,1,1,23,102122-16/2025,65000
17/2025,5895,5000,Aprovada,,Audiovisual anfiteatros,BENS,102122,45897,45989,92,BAO - ODONTOP. ORTO. S COLETIVA,52/2024,Médio,2,45868,Material,EQUIPAMENTOS DIVERSOS PARA COMUNICAÇÕES,,,,,,5000,1,1,22,102122-17/2025,5000
18/2025,6515,3190,Aprovada,,Médico-Hospitalar Rondônia e Clin Fono,BENS,102122,45610,45730,120,PROJETO RONDONIA,28/2024,Alto,1,45839,Material,"INSTRUMENTOS, EQUIPAMENTOS E SUPRIMENTOS MÉDICOS  E  CIRÚRGICOS",,,,,,3190,1,1,18,102122-18/2025,3190
18/2025,6515,5500,Aprovada,,Médico-Hospitalar Rondônia e Clin Fono,BENS,102122,45610,45730,120,CLINICA DE FONOAUDIOLOGIA,31/2024,Médio,1,45809,Material,"INSTRUMENTOS, EQUIPAMENTOS E SUPRIMENTOS MÉDICOS  E  CIRÚRGICOS",,,,,,5500,1,1,18,102122-18/2025,5500
18/2025,6515,31550,Aprovada,,Médico-Hospitalar Rondônia e Clin Fono,BENS,102122,45610,45730,120,CLINICA DE FONOAUDIOLOGIA,36/2024,Médio,1,45718,Material,"INSTRUMENTOS, EQUIPAMENTOS E SUPRIMENTOS MÉDICOS  E  CIRÚRGICOS",,,,,,31550,1,1,18,102122-18/2025,31550
18/2025,6532,1000,Aprovada,,Médico-Hospitalar Rondônia e Clin Fono,BENS,102122,45610,45730,120,PROJETO RONDONIA,28/2024,Alto,2,45839,Material,VESTUÁRIO HOSPITALAR E CIRÚRGICO E ITENS CORRELATOS DE  FINALIDADES ESPECIAIS,,,,,,1000,1,1,18,102122-18/2025,1000
19/2025,6520,11400,Aprovada,,Material Odontológico Geral,BENS,102122,45555,45677,122,UBAS,39/2024,Médio,1,45736,Material,"INSTRUMENTOS, EQUIPAMENTOS E SUPRIMENTOS DENTÁRIOS",,,,,,11400,1,1,15,102122-19/2025,11400
19/2025,6520,40000,Aprovada,,Material Odontológico Geral,BENS,102122,45555,45677,122,PROJETO RONDONIA,29/2024,Alto,1,45839,Material,"INSTRUMENTOS, EQUIPAMENTOS E SUPRIMENTOS DENTÁRIOS",,,,,,40000,1,1,15,102122-19/2025,40000
19/2025,6520,135000,Aprovada,,Material Odontológico Geral,BENS,102122,45555,45677,122,CLINICAS ODONTO,11/2024,Médio,1,45716,Material,"INSTRUMENTOS, EQUIPAMENTOS E SUPRIMENTOS DENTÁRIOS",,,,,,135000,1,1,15,102122-19/2025,135000
2/2025,3438,165000,Aprovada,,Aquisição máquina de solda ortodontia,BENS,102122,45748,45868,120,BAO - ODONTOP. ORTO. S COLETIVA,64/2024,Médio,2,45868,Material,EQUIPAMENTOS DIVERSOS DE SOLDA,,,,,,165000,1,1,1,102122-2/2025,165000
20/2025,6520,20000,Aprovada,,Equipamentos odontológicos,BENS,102122,45637,45757,120,BAO - ODONTOP. ORTO. S COLETIVA,64/2024,Médio,1,45868,Material,"INSTRUMENTOS, EQUIPAMENTOS E SUPRIMENTOS DENTÁRIOS",,,,,,20000,1,1,13,102122-20/2025,20000
20/2025,6520,40000,Aprovada,,Equipamentos odontológicos,BENS,102122,45637,45757,120,BAO - ODONTOP. ORTO. S COLETIVA,63/2024,Médio,1,45746,Material,"INSTRUMENTOS, EQUIPAMENTOS E SUPRIMENTOS DENTÁRIOS",,,,,,40000,1,1,13,102122-20/2025,40000
21/2025,6515,20000,Aprovada,,Cabine audiometria e ultrassom portátil Rôndonia,BENS,102122,45726,45846,120,PROJETO RONDONIA,66/2024,Médio,2,45839,Material,"INSTRUMENTOS, EQUIPAMENTOS E SUPRIMENTOS MÉDICOS  E  CIRÚRGICOS",,,,,,20000,1,1,12,102122-21/2025,20000
23/2025,6530,78750,Aprovada,,Aquisição de mochos odontológicos,BENS,102122,45594,45691,97,BAD - DENT. ENDO. MAT ODONT.,24/2024,Médio,1,45689,Material,"MOBILIÁRIO, EQUIPAMENTOS, UTENSÍLIOS E  SUPRIMENTOS  HOSPITALARES",,,,,,78750,1,1,9,102122-23/2025,78750
23/2025,6530,78750,Aprovada,,Aquisição de mochos odontológicos,BENS,102122,45594,45691,97,BAP - Prótese e Periodontia,56/2024,Médio,1,45689,Material,"MOBILIÁRIO, EQUIPAMENTOS, UTENSÍLIOS E  SUPRIMENTOS  HOSPITALARES",,,,,,78750,1,2,9,102122-23/2025,78750
24/2025,6550,60500,Aprovada,,Testes CME,BENS,102122,45810,45930,120,CME - CENTRAL MATERIAL ESTERILIZACAO,25/2024,Alto,1,45930,Material,"SUBSTÂNCIAS PARA DIAGNÓSTICO ""IN VITRO"",  REAGENTES,  CONJUNTOS E JOGOS PARA TESTE",,,,,,60500,1,1,8,102122-24/2025,60500
25/2025,7240,3000,Aprovada,,Itens zeladoria,BENS,102122,45713,45833,120,ATA - ADMINISTRACAO,40/2024,Médio,2,45833,Material,RECEPIENTES PARA USO DOMÉSTICO E COMERCIAL,,,,,,3000,1,1,4,102122-25/2025,3000
25/2025,8520,10000,Aprovada,,Itens zeladoria,BENS,102122,45713,45833,120,ATA - ADMINISTRACAO,40/2024,Médio,4,45833,Material,"SABONETES, ARTIGOS PARA BARBEAR E DENTIFRÍCIOS",,,,,,10000,1,1,4,102122-25/2025,10000
25/2025,8530,5000,Aprovada,,Itens zeladoria,BENS,102122,45713,45833,120,ATA - ADMINISTRACAO,40/2024,Médio,1,45833,Material,ARTIGOS PARA HIGIENE PESSOAL,,,,,,5000,1,1,4,102122-25/2025,5000
25/2025,8530,10000,Aprovada,,Itens zeladoria,BENS,102122,45713,45833,120,ATA - ADMINISTRACAO,40/2024,Médio,3,45833,Material,ARTIGOS PARA HIGIENE PESSOAL,,,,,,10000,1,1,4,102122-25/2025,10000
26/2025,6550,4030,Aprovada,,Insumo para equipamento de laboratório CIP,BENS,102122,45630,45720,90,CIP,26/2024,Médio,1,45708,Material,"SUBSTÂNCIAS PARA DIAGNÓSTICO ""IN VITRO"",  REAGENTES,  CONJUNTOS E JOGOS PARA TESTE",,,,,,4030,1,1,2,102122-26/2025,4030
26/2025,9999,8400,Aprovada,,Insumo para equipamento de laboratório CIP,BENS,102122,45630,45720,90,CIP,26/2024,Médio,2,45708,Material,ITENS DIVERSOS,,,,,,8400,1,1,2,102122-26/2025,8400
27/2025,6830,100000,Aprovada,,Abastecimento de nitrogênio líquido,BENS,102122,45617,45677,60,ATF - FINANCEIRO,69/2024,Médio,1,45746,Material,GASES COMPRIMIDOS E LIQUEFEITOS,,,,,,100000,1,1,79,102122-27/2025,100000
28/2025,7010,5000,Aprovada,,Aquisição de mini pcs,CONTRATACOES_TIC,102122,45708,45828,120,PROJETO RONDONIA,66/2024,Médio,1,45839,Material,COMPUTADORES,,,,,,5000,1,1,76,102122-28/2025,5000
28/2025,7010,10000,Aprovada,,Aquisição de mini pcs,CONTRATACOES_TIC,102122,45708,45828,120,CIP,60/2024,Médio,1,45717,Material,COMPUTADORES,,,,,,10000,1,1,76,102122-28/2025,10000
28/2025,7010,350000,Aprovada,,Aquisição de mini pcs,CONTRATACOES_TIC,102122,45708,45828,120,STI,41/2024,Médio,1,45828,Material,COMPUTADORES,,,,,,350000,1,1,76,102122-28/2025,350000
29/2025,7105,50000,Aprovada,,Aquisição de móveis p´lanejados,BENS,102122,45637,45777,140,Móveis planejados,7/2024,Médio,2,45777,Material,MOBILIÁRIO DOMÉSTICO,,,,,,50000,1,1,73,102122-29/2025,50000
29/2025,7110,50000,Aprovada,,Aquisição de móveis p´lanejados,BENS,102122,45637,45777,140,Móveis planejados,7/2024,Médio,1,45777,Material,MOBILIÁRIO PARA ESCRITÓRIO,,,,,,50000,1,1,73,102122-29/2025,50000
29/2025,7125,130000,Aprovada,,Aquisição de móveis p´lanejados,BENS,102122,45637,45777,140,Móveis planejados,7/2024,Médio,3,45777,Material,ARMÁRIOS E ESTANTES,,,,,,130000,1,1,73,102122-29/2025,130000
3/2025,4110,4500,Aprovada,,Aquisição de equipamentos de refrigeração,BENS,102122,45667,45757,90,CIP,60/2024,Médio,2,45717,Material,EQUIPAMENTO PARA REFRIGERAÇÃO,,,,,,4500,1,1,9,102122-3/2025,4500
3/2025,4110,10000,Aprovada,,Aquisição de equipamentos de refrigeração,BENS,102122,45667,45757,90,BAB - CIENCIAS BIOLÓGICAS,59/2024,Médio,1,45853,Material,EQUIPAMENTO PARA REFRIGERAÇÃO,,,,,,10000,1,1,9,102122-3/2025,10000
30/2025,7110,242000,Aprovada,,Mobiliário corporativo,BENS,102122,45537,45687,150,Mobiliário corporativo,9/2024,Médio,1,45716,Material,MOBILIÁRIO PARA ESCRITÓRIO,,,,,,242000,1,1,72,102122-30/2025,242000
31/2025,7195,30000,Aprovada,,Poltrona anfiteatro Odontoped,BENS,102122,45901,46021,120,BAO - ODONTOP. ORTO. S COLETIVA,52/2024,Médio,1,45868,Material,MOBILIÁRIOS DIVERSOS E ACESSÓRIOS,,,,,,30000,1,1,71,102122-31/2025,30000
32/2025,7230,20000,Aprovada,,Aquisição persianas,BENS,102122,45610,45701,91,ATF - FINANCEIRO,38/2024,Baixo,1,45777,Material,"TAPEÇARIAS, CORTINAS E PERSIANAS",,,,,,20000,1,1,70,102122-32/2025,20000
33/2025,7610,15000,Aprovada,,Aquisição de livros,BENS,102122,45666,45749,83,BIBLIOTECA,37/2024,Médio,1,45960,Material,LIVROS E FOLHETOS,,,,,,15000,1,1,88,102122-33/2025,15000
34/2025,7690,74000,Aprovada,,Aquisição Testes Psico-pedagógicos,BENS,102122,45607,45695,88,CLINICA DE FONOAUDIOLOGIA,30/2024,Médio,1,45689,Material,IMPRESSOS DIVERSOS,,,,,,74000,1,1,69,102122-34/2025,74000
35/2025,7730,15000,Aprovada,,Aquisição Televisores,BENS,102122,45881,45971,90,BIBLIOTECA,58/2024,Baixo,1,46022,Material,"FONÓGRAFOS, RÁDIOS E TELEVISORES DE TIPO DOMÉSTICO",,,,,,15000,1,1,87,102122-35/2025,15000
36/2025,8920,2000,Aprovada,,Aquisição de gêneros alimentícios,BENS,102122,45631,45691,60,ATAC - ACADEMICA,35/2024,Médio,2,45698,Material,PRODUTOS DE PANIFICAÇÃO E CEREAIS,,,,,,2000,1,1,67,102122-36/2025,2000
36/2025,8960,10000,Aprovada,,Aquisição de gêneros alimentícios,BENS,102122,45631,45691,60,ATAC - ACADEMICA,35/2024,Médio,1,45698,Material,BEBIDAS NÃO ALCOÓLICAS,,,,,,10000,1,1,67,102122-36/2025,10000
37/2025,9330,10000,Aprovada,,Aquisição de itens de laboratório,BENS,102122,45707,45797,90,BAB - CIENCIAS BIOLÓGICAS,32/2024,Médio,2,45809,Material,ARTIGOS DE PLÁSTICO,,,,,,10000,1,1,66,102122-37/2025,10000
38/2025,182,10000,Aprovada,,Licença de software Jaos,CONTRATACOES_TIC,102122,45572,45663,91,BIBLIOTECA,55/2024,Médio,1,45797,Serviço,SERVIÇOS DE  LICENCIAMENTO E  CONTRATOS DE TRANSFERÊNCIA DE TECNOLOGIA,,,,,,10000,1,1,65,102122-38/2025,10000
39/2025,661,225000,Aprovada,,Serviço emissão passagens aéreas,SERVICOS,102122,45552,45672,120,ATF - FINANCEIRO,6/2024,Alto,1,45672,Serviço,SERVIÇOS DE TRANSPORTE AÉREO DE PASSAGEIROS,,,,,,225000,1,1,86,102122-39/2025,225000
4/2025,4120,230000,Aprovada,,Aquisição ar condicionado,BENS,102122,45805,45925,120,ATF - FINANCEIRO,65/2024,Médio,1,45960,Material,EQUIPAMENTO DE AR CONDICIONADO,,,,,,230000,1,1,8,102122-4/2025,230000
41/2025,853,50000,Aprovada,,Serviço de lavanderia hospitalar,SERVICOS,102122,45567,45667,100,ATA - ADMINISTRACAO,70/2024,Médio,1,45687,Serviço,SERVIÇOS DE LIMPEZA,,,,,,50000,1,1,84,102122-41/2025,50000
42/2025,545,60000,Aprovada,,Reforma piso anfiteatro Odontoped,SERVICOS,102122,45841,45992,151,BAO - ODONTOP. ORTO. S COLETIVA,52/2024,Médio,2,45868,Serviço,TIPOS ESPECIAIS DE SERVIÇOS DE CONSTRUÇÃO,,,,,,60000,1,1,83,102122-42/2025,60000
43/2025,545,100000,Aprovada,,Serviços comuns de engenharia,SERVICOS,102122,45765,45946,181,OBRAS,51/2024,Médio,1,45899,Serviço,TIPOS ESPECIAIS DE SERVIÇOS DE CONSTRUÇÃO,,,,,,100000,1,1,82,102122-43/2025,100000
44/2025,545,100000,Aprovada,,Serviços infiltração águas pluviais,SERVICOS,102122,45629,45805,176,OBRAS,49/2024,Médio,1,45808,Serviço,TIPOS ESPECIAIS DE SERVIÇOS DE CONSTRUÇÃO,,,,,,100000,1,1,81,102122-44/2025,100000
45/2025,732,55000,Aprovada,,Locação embarcação Rondônia,SERVICOS,102122,45719,45839,120,PROJETO RONDONIA,48/2024,Médio,1,45839,Serviço,SERVIÇOS DE LEASING OU ALUGUEL RELACIONADOS A OUTROS BENS,,,,,,55000,1,1,80,102122-45/2025,55000
46/2025,542,1850000,Aprovada,,Serviço pintura campus,OBRAS_SERV_ESP_ENGENHARIA,102122,45644,45793,149,OBRAS,71/2024,Médio,1,45746,Serviço,SERVIÇOS GERAIS DE CONSTRUÇÃO PARA OBRAS DE ENGENHARIA CIVIL,,,,,,1850000,1,1,89,102122-46/2025,1850000
47/2025,833,250000,Aprovada,,Expansão Casa da Afasia,SERVICOS,102122,45810,45960,150,OBRAS,5/2024,Baixo,1,45868,Serviço,SERVIÇOS DE ENGENHARIA,,,,,,250000,1,1,90,102122-47/2025,250000
48/2025,833,900000,Aprovada,,Reforma rede de lógica Clínica de Fono,CONTRATACOES_TIC,102122,45873,46021,148,OBRAS,4/2024,Médio,1,45960,Serviço,SERVIÇOS DE ENGENHARIA,,,,,,900000,1,1,92,102122-48/2025,900000
49/2025,833,1260000,Aprovada,,Reforma CIP I,OBRAS_SERV_ESP_ENGENHARIA,102122,45664,45775,111,OBRAS,3/2024,Médio,1,45991,Serviço,SERVIÇOS DE ENGENHARIA,,,,,,1260000,1,1,91,102122-49/2025,1260000
5/2025,5965,1300,Aprovada,,Itens e acessórios de informática,BENS,102122,45700,45820,120,CLINICA DE FONOAUDIOLOGIA,31/2024,Médio,3,45809,Material,"FONES, MICROFONES E ALTO-FALANTES",,,,,,1300,1,1,4,102122-5/2025,1300
5/2025,6130,12000,Aprovada,,Itens e acessórios de informática,BENS,102122,45700,45820,120,STI,41/2024,Médio,2,45828,Material,CONVERSORES ELÉTRICOS ESTÁTICOS,,,,,,12000,1,1,4,102122-5/2025,12000
5/2025,7030,20000,Aprovada,,Itens e acessórios de informática,BENS,102122,45700,45820,120,STI,41/2024,Médio,4,45828,Material,EQUIPAMENTOS DE ARMAZENAMENTO DE DADOS,,,,,,20000,1,1,4,102122-5/2025,20000
5/2025,7060,80000,Aprovada,,Itens e acessórios de informática,BENS,102122,45700,45820,120,STI,41/2024,Médio,3,45828,Material,PEÇAS E ACESSÓRIOS PARA COMPUTADORES,,,,,,80000,1,1,4,102122-5/2025,80000
50/2025,839,30000,Aprovada,,Serviço revisão inglês artigos JAOS,SERVICOS,102122,45630,45744,114,BIBLIOTECA,54/2024,Médio,1,45797,Serviço,"OUTROS SERVIÇOS DE NEGÓCIOS, TÉCNICOS E PROFISSIONAIS",,,,,,30000,1,1,95,102122-50/2025,30000
51/2025,859,15000,Aprovada,,Serviço de descupinização,SERVICOS,102122,45880,45960,80,BAO - ODONTOP. ORTO. S COLETIVA,52/2024,Médio,1,45868,Serviço,OUTROS SERVIÇOS DE SUPORTE,,,,,,15000,1,1,94,102122-51/2025,15000
52/2025,871,32000,Aprovada,,Serviço de manutenção preventiva e corretiva de autoclaves	,SERVICOS,102122,45742,45862,120,ATF - FINANCEIRO,47/2024,Médio,1,45667,Serviço,"SERVIÇOS DE MANUTENÇÃO E REPARO DE PRODUTOS FABRICADOS DE METAL,MAQUINARIA E EQUIPAMENTOS",,,,,,32000,1,1,93,102122-52/2025,32000
53/2025,871,65000,Aprovada,,Serviço de manutenção em grupo geradores do campus,SERVICOS,102122,45831,45931,100,ATF - FINANCEIRO,46/2024,Médio,1,45677,Serviço,"SERVIÇOS DE MANUTENÇÃO E REPARO DE PRODUTOS FABRICADOS DE METAL,MAQUINARIA E EQUIPAMENTOS",,,,,,65000,1,1,102,102122-53/2025,65000
54/2025,871,200000,Aprovada,,Serviço de manutenção preventiva e corretiva de aparelhos de ar condicionado	,SERVICOS,102122,45483,45663,180,ATF - FINANCEIRO,45/2024,Médio,1,45667,Serviço,"SERVIÇOS DE MANUTENÇÃO E REPARO DE PRODUTOS FABRICADOS DE METAL,MAQUINARIA E EQUIPAMENTOS",,,,,,200000,1,1,101,102122-54/2025,200000
55/2025,871,220000,Aprovada,,Serviço de manutenção preventiva e corretiva em equipamentos de laboratório,SERVICOS,102122,45664,45751,87,BAB - CIENCIAS BIOLÓGICAS,42/2024,Médio,1,45777,Serviço,"SERVIÇOS DE MANUTENÇÃO E REPARO DE PRODUTOS FABRICADOS DE METAL,MAQUINARIA E EQUIPAMENTOS",,,,,,220000,1,1,100,102122-55/2025,220000
56/2025,873,70000,Aprovada,,Serviço instalação de condicionadores de ar para toda FOB.	,SERVICOS,102122,45833,45953,120,ATF - FINANCEIRO,65/2024,Médio,1,45960,Serviço,SERVIÇOS DE INSTALAÇÃO(À EXCEÇÃO DA CONSTRUÇÃO),,,,,,70000,1,1,99,102122-56/2025,70000
57/2025,872,15000,Aprovada,,Calibração de equipamentos Fono,SERVICOS,102122,45636,45726,90,CLINICA DE FONOAUDIOLOGIA,43/2024,Médio,1,45748,Serviço,SERVIÇOS DE REPARO DE OUTROS BENS,,,,,,15000,1,1,98,102122-57/2025,15000
58/2025,891,20000,Aprovada,,Serviço de impressão de material gráfico,SERVICOS,102122,45708,45828,120,ATF - FINANCEIRO,34/2024,Médio,1,45828,Serviço,"SERVIÇOS DE REPRODUÇÃO, PUBLICAÇÃO E IMPRESSÃO",,,,,,20000,1,1,97,102122-58/2025,20000
59/2025,929,20000,Aprovada,,Contratação de atores pacientes simulados,SERVICOS,102122,45874,45964,90,BAF - FONOAUDIOLOGIA,53/2024,Médio,1,45964,Serviço,OUTROS SERVIÇOS DE EDUCAÇÃO E TREINAMENTO,,,,,,20000,1,1,96,102122-59/2025,20000
6/2025,6140,2000,Aprovada,,Aquisição de artigos de escritório,BENS,102122,45677,45797,120,CLINICA DE FONOAUDIOLOGIA,31/2024,Médio,2,45809,Material,BATERIAS RECARREGÁVEIS,,,,,,2000,1,1,2,102122-6/2025,2000
6/2025,7510,1200,Aprovada,,Aquisição de artigos de escritório,BENS,102122,45677,45797,120,PROJETO RONDONIA,27/2024,Alto,3,45839,Material,ARTIGOS PARA ESCRITÓRIO,,,,,,1200,1,1,2,102122-6/2025,1200
6/2025,7510,59000,Aprovada,,Aquisição de artigos de escritório,BENS,102122,45677,45797,120,DEPARTAMENTOS,23/2024,Médio,1,45713,Material,ARTIGOS PARA ESCRITÓRIO,,,,,,59000,1,1,2,102122-6/2025,59000
6/2025,7510,100000,Aprovada,,Aquisição de artigos de escritório,BENS,102122,45677,45797,120,ALMOXARIFADO,8/2024,Médio,1,45899,Material,ARTIGOS PARA ESCRITÓRIO,,,,,,100000,1,1,2,102122-6/2025,100000
60/2025,6350,120000,Aprovada,,Sistema de monitoramento e porteiro eletrônico,BENS,102122,45562,45677,115,ATF - FINANCEIRO,73/2024,Médio,1,45838,Material,"SISTEMAS DIVERSOS DE SINALIZAÇÃO, ALARME E DETECÇÃO PARA  SEGURANÇA",,,,,,120000,1,1,104,102122-60/2025,120000
61/2025,7290,30000,Aprovada,,Aquisição de secador de mão,BENS,102122,45902,45992,90,ATF - FINANCEIRO,74/2024,Baixo,1,46001,Material,UTENSÍLIOS COMERCIAIS E DOMÉSTICOS DIVERSOS,,,,,,30000,1,1,103,102122-61/2025,30000
63/2025,833,700000,Aprovada,,Reforma da área interna e cobertura do CPC,OBRAS_SERV_ESP_ENGENHARIA,102122,45820,45940,120,ATF - FINANCEIRO,77/2024,Médio,1,45868,Serviço,SERVIÇOS DE ENGENHARIA,,,22225.0,SERVIÇO ENGENHARIA,,700000,1,1,109,102122-63/2025,700000
64/2025,833,380000,Aprovada,,Reforma do prédio da manutenção.,OBRAS_SERV_ESP_ENGENHARIA,102122,45694,45810,116,ATF - FINANCEIRO,78/2024,Médio,1,45807,Serviço,SERVIÇOS DE ENGENHARIA,,,22225.0,SERVIÇO ENGENHARIA,,380000,1,1,108,102122-64/2025,380000
65/2025,833,350000,Aprovada,,Reforma das antigas câmaras escuras,OBRAS_SERV_ESP_ENGENHARIA,102122,45721,45841,120,ATF - FINANCEIRO,79/2024,Médio,1,45838,Serviço,SERVIÇOS DE ENGENHARIA,,,22225.0,SERVIÇO ENGENHARIA,,350000,1,1,107,102122-65/2025,350000
66/2025,833,250000,Aprovada,,Reforma da área da disciplina de Microbiologia.,OBRAS_SERV_ESP_ENGENHARIA,102122,45881,46001,120,ATF - FINANCEIRO,80/2024,Baixo,1,45960,Serviço,SERVIÇOS DE ENGENHARIA,,,22225.0,SERVIÇO ENGENHARIA,,250000,1,1,106,102122-66/2025,250000
68/2025,871,125000,Aprovada,Encerrada,Manutenção preventiva e atualização de software dos simuladores,SERVICOS,102122,45671,45721,50,BAO - ODONTOP. ORTO. S COLETIVA,2/2025,Médio,1,45716,Serviço,"SERVIÇOS DE MANUTENÇÃO E REPARO DE PRODUTOS FABRICADOS DE METAL,MAQUINARIA E EQUIPAMENTOS",,,16314.0,INSTALAÇÃO / MANUTENÇÃO / REPARO - EQUIPAMENTO LABORATÓRIO,,125000,1,1,111,102122-68/2025,125000
69/2025,969,20000,Aprovada,,intercâmbio cultural,SERVICOS,102122,45687,45777,90,Medicina,5/2025,Médio,1,45777,Serviço,OUTROS SERVIÇOS DE RECREAÇÃO E DIVERSÃO,,,19933.0,INTERCÂMBIO CULTURAL,,20000,1,1,112,102122-69/2025,20000
7/2025,6135,10800,Aprovada,,Aquisição pilha 13 e AASI Rondônia,BENS,102122,45722,45842,120,PROJETO RONDONIA,27/2024,Alto,1,45839,Material,BATERIAS NAO RECARREGÁVEIS,,,,,,10800,1,1,22,102122-7/2025,10800
7/2025,6515,88000,Aprovada,,Aquisição pilha 13 e AASI Rondônia,BENS,102122,45722,45842,120,PROJETO RONDONIA,27/2024,Alto,2,45839,Material,"INSTRUMENTOS, EQUIPAMENTOS E SUPRIMENTOS MÉDICOS  E  CIRÚRGICOS",,,,,,88000,1,1,22,102122-7/2025,88000
70/2025,6515,2800000,Aprovada,,aparelhos auditivos AASI,BENS,102122,45687,45748,61,CLINICA DE FONOAUDIOLOGIA,6/2025,Médio,1,45746,Material,"INSTRUMENTOS, EQUIPAMENTOS E SUPRIMENTOS MÉDICOS  E  CIRÚRGICOS",,,,,,2800000,1,1,116,102122-70/2025,2800000
71/2025,6515,650000,Aprovada,,aparelhos auditivos AASI 2,BENS,102122,45687,45716,29,CLINICA DE FONOAUDIOLOGIA,7/2025,Médio,1,45716,Material,"INSTRUMENTOS, EQUIPAMENTOS E SUPRIMENTOS MÉDICOS  E  CIRÚRGICOS",,,,,,650000,1,1,115,102122-71/2025,650000
72/2025,6640,872000,Aprovada,,Microscópios para o laboratório de microscopia ,BENS,102122,45810,45930,120,BAB - CIENCIAS BIOLÓGICAS,8/2025,Médio,1,45930,Material,EQUIPAMENTOS E ARTIGOS DE LABORATÓRIO,7059.0,MICROSCÓPIO,,,,872000,1,1,114,102122-72/2025,872000
73/2025,833,50000,Aprovada,Fase Externa,Reforma para adequação do anfiteatro 5 ,SERVICOS,102122,45926,45930,4,OBRAS,9/2025,Médio,1,45838,Serviço,SERVIÇOS DE ENGENHARIA,,,,,,50000,1,1,113,102122-73/2025,50000
74/2025,853,2100000,Aprovada,,serviço de limpeza,SERVICOS,102122,45810,45930,120,ATF - FINANCEIRO,68/2024,Alto,1,45901,Serviço,SERVIÇOS DE LIMPEZA,,,,,,2100000,1,1,121,102122-74/2025,2100000
75/2025,6525,80000,Aprovada,,Aparelho de Raio X,BENS,102122,45722,45810,88,BAD - DENT. ENDO. MAT ODONT.,10/2025,Médio,1,45809,Material,"EQUIPAMENTOS E SUPRIMENTOS DE RAIOS-X DE USO  MÉDICO,  DENTÁRIO E VETERINÁRIO",2866.0,APARELHO RAIOS X,441901.0,"APLICAÇÃO: USO ODONTOLÓGICO, POTÊNCIA CABEÇOTE: TENSÃO DO TUBO 60 KV, ADICIONAIS: PORTÁTIL, COMPONENTES: MICROPROCESSADO, PAINEL LCD, SENSOR DIGITAL",UN,20000,4,1,119,102122-75/2025,80000
76/2025,7060,60000,Aprovada,,Aquisição de monitores,BENS,102122,45679,45769,90,STI,11/2025,Médio,1,45748,Material,PEÇAS E ACESSÓRIOS PARA COMPUTADORES,6669.0,MONITOR COMPUTADOR,619128.0,"AJUSTE: COM REGULAGEM DE ALTURA, ALIMENTAÇÃO: BIVOLT, FORMATO TELA: ULTRAWIDE, GARANTIA ON SITE: SUPERIOR A 36, INTERATIVIDADE DA TELA: SEM INTERATIVIDADE, QUALIDADE DE IMAGEM: FULL HD, TAMANHO TELA: 23 A 30, TIPO DE TELA: LCD",UN,600,100,1,118,102122-76/2025,60000
77/2025,7010,50000,Aprovada,,Aquisição de servidor NAS,BENS,102122,45811,45901,90,BAD - DENT. ENDO. MAT ODONT.,12/2025,Médio,1,45901,Material,COMPUTADORES,10293.0,SERVIDOR,486356.0,"ARMAZENAMENTO SAS: SEM DISCOS SAS, ARMAZENAMENTO SATA: SEM DISCOS SATA, ARMAZENAMENTO SSD: COM DISCOS SSD, FONTE ALIMENTAÇÃO: REDUNDANTE (SWAP/HOT PLUG), GARANTIA ON SITE: 12, INTERFACE REDE LAN: 2, INTERFACE REDE SAN: 2, MEMÓRIA RAM: 8, NÚCLEOS POR PROCESSADOR: 4, PROCESSADORES FÍSICOS: 2, SISTEMA OPERACIONAL: PROPRIETÁRIO, TIPO: RACK",UN,50000,1,1,117,102122-77/2025,50000
79/2025,6525,250000,Aprovada,,Aquisição equipamentos clínica de fono,BENS,102122,45840,45960,120,Laboratório Pesquisa FONO,57/2024,Médio,1,45899,Material,"EQUIPAMENTOS E SUPRIMENTOS DE RAIOS-X DE USO  MÉDICO,  DENTÁRIO E VETERINÁRIO",,,,,,250000,1,1,122,102122-79/2025,250000
8/2025,6505,150000,Aprovada,,Material odontológico Almoxarifado,BENS,102122,45750,45873,123,ALMOXARIFADO,13/2024,Médio,1,45897,Material,DROGAS E MEDICAMENTOS,,,,,,150000,1,1,18,102122-8/2025,150000
8/2025,6520,300000,Aprovada,,Material odontológico Almoxarifado,BENS,102122,45750,45873,123,ALMOXARIFADO,10/2024,Médio,1,45838,Material,"INSTRUMENTOS, EQUIPAMENTOS E SUPRIMENTOS DENTÁRIOS",,,,,,300000,1,1,18,102122-8/2025,300000
80/2025,6515,200000,Aprovada,,sistema de ultrassonografia ,BENS,102122,45840,45960,120,BAE - ESTOMATO. CIRU. RADIO. PATO,14/2025,Médio,1,45899,Material,"Instrumentos, Equipamentos E Suprimentos Médicos  E  Cirúrgicos",,,,,,200000,1,1,123,102122-80/2025,200000
9/2025,6520,54000,Aprovada,,Aquisição de equipos odontológcos,BENS,102122,45789,45909,120,TRIAGEM - URGENCIA,67/2024,Médio,1,45910,Material,"INSTRUMENTOS, EQUIPAMENTOS E SUPRIMENTOS DENTÁRIOS",,,,,,54000,1,1,15,102122-9/2025,54000
9/2025,6520,326500,Aprovada,,Aquisição de equipos odontológcos,BENS,102122,45789,45909,120,BAD - DENT. ENDO. MAT ODONT.,62/2024,Médio,1,45746,Material,"INSTRUMENTOS, EQUIPAMENTOS E SUPRIMENTOS DENTÁRIOS",,,,,,326500,1,1,15,102122-9/2025,326500
